id,x1,x2,y
1,5.35E-01,7.17E-01,0.51163113
2,-3.94E-01,-2.12E-01,1.4730047
3,7.98E-01,-5.05E-02,0.6834165
4,-1.31E-01,-3.33E-01,1.345091
5,-3.54E-01,4.75E-01,1.441734
6,-2.12E-01,-4.14E-01,1.482947
7,-6.36E-01,-1.01E-02,1.3358734
8,3.13E-01,3.54E-01,1.4904546
9,6.77E-01,4.14E-01,0.69736445
10,3.33E-01,-6.97E-01,0.77877563
11,7.17E-01,-7.17E-01,0.93454313
12,-6.97E-01,5.76E-01,0.5171861
13,-3.33E-01,6.97E-01,0.7834091
14,-9.09E-02,-5.96E-01,1.4119779
15,-3.94E-01,-7.98E-01,0.51032424
16,-1.92E-01,-5.96E-01,1.3574691
17,4.75E-01,5.56E-01,0.95776105
18,4.95E-01,-8.79E-01,0.90038264
19,-5.56E-01,2.12E-01,1.4363058
20,-8.99E-01,-1.00E+00,0.4976478
21,9.09E-02,1.00E+00,0.87899506
22,4.95E-01,-5.15E-01,1.027184
23,-1.52E-01,3.94E-01,1.4507321
24,4.75E-01,3.33E-01,1.4534305
25,7.58E-01,-6.16E-01,0.7292495
26,-5.56E-01,6.36E-01,0.5446418
27,2.32E-01,1.01E-02,1.1541803
28,3.54E-01,7.17E-01,0.67429185
29,6.77E-01,-1.01E-02,1.1919153
30,8.79E-01,-3.33E-01,0.5732587
31,4.34E-01,5.96E-01,0.93140626
32,9.80E-01,6.16E-01,1.5008155
33,-4.55E-01,4.55E-01,1.3111914
34,-6.36E-01,-5.35E-01,0.5778371
35,1.11E-01,-4.95E-01,1.4952195
36,8.79E-01,7.98E-01,1.4054724
37,4.95E-01,-2.73E-01,1.4636196
38,-9.60E-01,-4.14E-01,1.1203092
39,5.35E-01,-6.57E-01,0.5369252
40,6.16E-01,-7.07E-02,1.3696027
41,3.94E-01,5.76E-01,1.1041117
42,-9.19E-01,-7.17E-01,1.4740151
43,2.53E-01,4.14E-01,1.5003465
44,-7.58E-01,-1.31E-01,0.80119467
45,1.01E-02,-6.97E-01,1.1113293
46,6.36E-01,2.53E-01,1.1619964
47,-8.59E-01,-7.37E-01,1.4917018
48,7.98E-01,-1.92E-01,0.6095565
49,-5.56E-01,-9.60E-01,1.4386255
50,-4.34E-01,-9.39E-01,1.0529965
51,-9.09E-02,-5.05E-02,1.0384835
52,7.37E-01,1.92E-01,0.83440214
53,-1.01E-02,1.72E-01,1.0966009
54,2.12E-01,5.05E-02,1.1378249
55,2.12E-01,2.53E-01,1.3051852
56,-9.60E-01,6.77E-01,1.4508114
57,4.55E-01,3.54E-01,1.4591762
58,1.00E+00,-1.00E+00,0.62349313
59,-4.34E-01,3.33E-01,1.5008293
60,9.39E-01,5.15E-01,1.2707642
61,5.76E-01,1.72E-01,1.4144928
62,-8.18E-01,-7.78E-01,1.4882604
63,8.59E-01,-9.60E-01,0.7488543
64,2.73E-01,-5.56E-01,1.367056
65,6.97E-01,3.33E-01,0.78389454
66,7.58E-01,8.18E-01,1.4742323
67,-1.92E-01,-5.35E-01,1.469932
68,-8.38E-01,-8.79E-01,1.2582294
69,-7.07E-02,5.96E-01,1.4273672
70,-3.03E-02,-1.72E-01,1.0913934
71,1.72E-01,-5.35E-01,1.4705051
72,9.09E-02,-3.33E-01,1.319119
73,2.53E-01,-8.99E-01,0.56694406
74,5.35E-01,5.35E-01,0.8456749
75,2.73E-01,5.56E-01,1.3778853
76,1.00E+00,-6.36E-01,1.4424781
77,-7.58E-01,-3.13E-01,0.61056566
78,-4.95E-01,3.94E-01,1.3441775
79,2.93E-01,3.33E-01,1.4651548
80,6.77E-01,-6.97E-01,0.70886564
81,1.00E+00,3.54E-01,1.1943009
82,-4.55E-01,-8.99E-01,0.89763296
83,-2.73E-01,1.92E-01,1.3205984
84,3.03E-02,4.55E-01,1.4847542
85,-3.54E-01,7.98E-01,0.5109563
86,9.19E-01,7.58E-01,1.3902318
87,-8.38E-01,-8.18E-01,1.4598523
88,8.18E-01,-6.36E-01,1.0631487
89,-2.12E-01,-2.93E-01,1.35381
90,9.80E-01,7.78E-01,0.9964324
91,-4.75E-01,-4.14E-01,1.3476344
92,-5.56E-01,9.09E-02,1.4845172
93,7.07E-02,-2.93E-01,1.2518764
94,-4.75E-01,6.36E-01,0.69514954
95,-6.16E-01,-3.33E-01,1.0972222
96,-4.75E-01,-8.79E-01,0.8520427
97,7.37E-01,1.31E-01,0.89225745
98,-5.35E-01,5.96E-01,0.6683382
99,4.34E-01,-3.74E-01,1.4538435
100,-1.52E-01,8.38E-01,0.53798056
101,1.31E-01,-3.94E-01,1.4208399
102,6.77E-01,-6.36E-01,0.55551153
103,7.17E-01,2.12E-01,0.89420354
104,-2.12E-01,-1.52E-01,1.2023288
105,2.73E-01,2.12E-01,1.3266462
106,-5.05E-02,3.54E-01,1.3565823
107,-4.55E-01,-4.34E-01,1.3510605
108,-3.33E-01,2.53E-01,1.4459348
109,8.79E-01,4.14E-01,0.7019435
110,-5.56E-01,-1.01E-02,1.4914473
111,-3.13E-01,-1.92E-01,1.3662152
112,-6.16E-01,-4.34E-01,0.8621812
113,2.53E-01,-1.31E-01,1.2242817
114,1.00E+00,1.31E-01,0.8655778
115,-5.96E-01,1.92E-01,1.3637199
116,-8.79E-01,-5.56E-01,1.0983837
117,3.74E-01,-1.00E+00,1.2374212
118,-8.79E-01,9.60E-01,0.6517266
119,5.15E-01,-2.73E-01,1.4402655
120,-9.39E-01,-5.15E-01,1.2720022
121,2.93E-01,-2.73E-01,1.3980645
122,-2.53E-01,5.35E-01,1.4434785
123,-4.95E-01,6.16E-01,0.7083239
124,-3.33E-01,1.31E-01,1.3577201
125,9.09E-02,8.59E-01,0.52131546
126,-7.58E-01,7.98E-01,1.4230869
127,9.39E-01,6.57E-01,1.5079018
128,9.09E-02,-2.32E-01,1.1759392
129,8.79E-01,1.92E-01,0.5046398
130,-1.72E-01,7.78E-01,0.6907346
131,-6.36E-01,7.17E-01,0.66294456
132,8.59E-01,2.32E-01,0.5018139
133,-8.38E-01,-5.56E-01,0.8949058
134,-6.57E-01,6.97E-01,0.6604587
135,1.01E-02,-9.80E-01,0.7331573
136,8.38E-01,1.01E-02,0.56529725
137,8.38E-01,-6.57E-01,1.2338356
138,6.77E-01,-4.55E-01,0.6171068
139,3.03E-02,7.58E-01,0.8467119
140,-4.55E-01,5.35E-01,1.0881586
141,-9.60E-01,-2.73E-01,0.8349866
142,4.95E-01,9.09E-02,1.4945179
143,-9.80E-01,-7.17E-01,1.2629428
144,1.92E-01,-6.77E-01,1.0795082
145,-6.16E-01,-3.94E-01,0.9613856
146,6.57E-01,-9.39E-01,1.5056735
147,-2.12E-01,3.33E-01,1.4142836
148,-1.01E-02,-5.15E-01,1.4982333
149,-9.80E-01,3.13E-01,1.0140398
150,-8.59E-01,2.93E-01,0.51781124
151,-4.34E-01,8.38E-01,0.60596335
152,5.15E-01,8.18E-01,0.7030195
153,-7.98E-01,-1.01E-02,0.68746614
154,-7.98E-01,4.95E-01,0.5887956
155,-2.32E-01,-1.01E-02,1.1667134
156,5.96E-01,-9.19E-01,1.3877953
157,3.74E-01,5.35E-01,1.2766807
158,3.94E-01,2.73E-01,1.4910448
159,-4.55E-01,5.56E-01,1.0180053
160,-7.37E-01,-1.31E-01,0.89061844
161,6.36E-01,5.56E-01,0.5444151
162,9.80E-01,-1.52E-01,0.7729924
163,9.60E-01,5.56E-01,1.4456452
164,-2.93E-01,2.73E-01,1.422408
165,-2.12E-01,3.13E-01,1.3897582
166,3.33E-01,3.03E-02,1.3018079
167,3.33E-01,-4.75E-01,1.4445245
168,-1.52E-01,9.80E-01,0.808995
169,3.74E-01,-6.77E-01,0.7733748
170,5.15E-01,-8.18E-01,0.68589246
171,-3.13E-01,-8.59E-01,0.53140056
172,6.36E-01,9.80E-01,1.4696718
173,-1.00E+00,7.17E-01,1.1495566
174,4.34E-01,-2.73E-01,1.4909456
175,-3.33E-01,9.39E-01,0.8384826
176,1.72E-01,-5.56E-01,1.4447263
177,1.01E-02,-3.13E-01,1.2714485
178,7.78E-01,7.37E-01,1.2962193
179,-3.03E-02,3.94E-01,1.4127678
180,-4.95E-01,9.09E-02,1.5115324
181,-6.36E-01,-7.37E-01,0.7288351
182,2.53E-01,5.35E-01,1.4389572
183,-5.35E-01,9.19E-01,1.2424414
184,-7.58E-01,-3.54E-01,0.56616795
185,-7.58E-01,-4.75E-01,0.5111784
186,3.94E-01,3.03E-02,1.3929342
187,6.36E-01,-3.33E-01,1.0166427
188,3.03E-02,4.14E-01,1.4389735
189,-9.09E-02,9.80E-01,0.7698132
190,-1.52E-01,-2.93E-01,1.3028711
191,5.56E-01,5.35E-01,0.7815852
192,1.72E-01,-2.12E-01,1.2076823
193,1.31E-01,-9.60E-01,0.684423
194,-7.78E-01,-3.03E-02,0.76319754
195,-4.14E-01,6.36E-01,0.8394185
196,-1.72E-01,7.98E-01,0.62403816
197,-2.32E-01,4.55E-01,1.514243
198,3.74E-01,-2.53E-01,1.4585115
199,1.01E-02,4.34E-01,1.462637
200,-3.13E-01,9.80E-01,1.0266453
201,-7.37E-01,8.99E-01,1.4803462
202,5.96E-01,-6.97E-01,0.5315817
203,-8.59E-01,-8.59E-01,1.2555267
204,-7.98E-01,-2.73E-01,0.5521282
205,-8.99E-01,-8.99E-01,0.8493103
206,5.05E-02,-1.01E-02,1.0116388
207,-5.96E-01,-4.95E-01,0.77105975
208,9.09E-02,-1.01E-02,1.0271554
209,-6.97E-01,7.37E-01,0.95381784
210,-3.33E-01,-9.39E-01,0.8269733
211,-7.37E-01,-7.58E-01,1.2051427
212,-1.01E-02,7.37E-01,0.9419199
213,6.77E-01,3.13E-01,0.8989848
214,3.33E-01,-5.76E-01,1.2252756
215,-1.00E+00,4.95E-01,1.459822
216,5.96E-01,3.94E-01,1.0341666
217,-3.33E-01,2.73E-01,1.4611508
218,-1.11E-01,3.54E-01,1.3781857
219,3.13E-01,9.80E-01,1.0350728
220,1.01E-02,-4.55E-01,1.4684983
221,-3.94E-01,-1.00E+00,1.2798609
222,1.92E-01,-6.16E-01,1.2964005
223,-8.99E-01,2.12E-01,0.5428146
224,8.38E-01,1.31E-01,0.54276866
225,-8.18E-01,8.79E-01,1.3311567
226,-7.37E-01,-1.52E-01,0.87290204
227,7.07E-02,3.03E-02,1.0215952
228,5.15E-01,-1.92E-01,1.4788443
229,8.99E-01,2.32E-01,0.54538834
230,4.95E-01,-5.76E-01,0.8294883
231,-3.03E-02,2.73E-01,1.2272227
232,6.77E-01,1.00E+00,1.2911123
233,4.34E-01,-7.98E-01,0.5188244
234,4.75E-01,-4.95E-01,1.1450948
235,8.38E-01,-4.75E-01,0.6611373
236,-8.59E-01,6.57E-01,1.3377706
237,3.74E-01,-1.31E-01,1.3917934
238,-6.57E-01,5.96E-01,0.50584054
239,-7.07E-02,3.54E-01,1.3622171
240,2.93E-01,6.57E-01,1.0138377
241,2.12E-01,-9.19E-01,0.59212357
242,5.76E-01,-8.59E-01,1.0548942
243,1.11E-01,9.80E-01,0.783237
244,-1.11E-01,-7.78E-01,0.7345624
245,-8.59E-01,1.52E-01,0.51032305
246,4.95E-01,-1.72E-01,1.4905753
247,-2.93E-01,5.96E-01,1.242592
248,3.94E-01,-9.39E-01,0.9496925
249,2.32E-01,-5.56E-01,1.4066144
250,-2.12E-01,4.14E-01,1.4950445
251,7.37E-01,-5.05E-02,0.93541324
252,5.15E-01,2.73E-01,1.448196
253,-3.74E-01,3.33E-01,1.5129212
254,1.52E-01,-2.93E-01,1.2942847
255,4.95E-01,6.57E-01,0.59777904
256,6.16E-01,1.31E-01,1.3465515
257,-7.37E-01,-1.92E-01,0.83268625
258,-3.74E-01,-1.72E-01,1.4314746
259,-7.58E-01,1.00E+00,0.96323586
260,-3.33E-01,4.95E-01,1.4337695
261,-3.74E-01,8.38E-01,0.538119
262,-2.32E-01,-7.07E-02,1.1790947
263,-7.78E-01,8.38E-01,1.5012921
264,6.57E-01,-7.78E-01,0.9609479
265,-9.80E-01,8.38E-01,0.72409725
266,3.13E-01,6.77E-01,0.89601326
267,-2.53E-01,7.58E-01,0.68073976
268,-9.80E-01,-1.72E-01,0.81368065
269,-1.31E-01,-5.56E-01,1.4655339
270,4.34E-01,2.93E-01,1.500382
271,-3.03E-02,-2.53E-01,1.1868702
272,3.03E-02,1.01E-02,1.0079364
273,-2.32E-01,-4.34E-01,1.4992193
274,4.95E-01,-9.60E-01,1.3115373
275,8.99E-01,-5.56E-01,1.1810458
276,5.96E-01,-8.79E-01,1.219982
277,-5.76E-01,-7.17E-01,0.54523593
278,-3.33E-01,-9.19E-01,0.7328721
279,-8.18E-01,-5.76E-01,0.8664448
280,9.19E-01,3.33E-01,0.721346
281,-4.55E-01,9.19E-01,1.0135363
282,-3.94E-01,-5.35E-01,1.2362064
283,9.39E-01,-6.36E-01,1.4983681
284,8.18E-01,2.73E-01,0.5185858
285,-7.17E-01,4.95E-01,0.50932115
286,-7.78E-01,4.34E-01,0.5059915
287,-3.03E-02,8.18E-01,0.61814827
288,-1.11E-01,-1.72E-01,1.1263851
289,5.05E-02,-8.59E-01,0.52569616
290,-8.59E-01,1.92E-01,0.50590384
291,5.15E-01,-9.09E-02,1.4916908
292,-2.12E-01,3.54E-01,1.4388263
293,-1.52E-01,2.73E-01,1.2868855
294,8.18E-01,2.32E-01,0.53789246
295,3.03E-02,-9.19E-01,0.5353987
296,1.92E-01,-4.55E-01,1.4902459
297,-4.34E-01,2.93E-01,1.5123034
298,6.16E-01,-1.00E+00,1.4688065
299,7.78E-01,-3.03E-02,0.76513207
300,-2.73E-01,2.93E-01,1.4224716
301,-6.36E-01,3.33E-01,1.0219643
302,-3.74E-01,8.18E-01,0.5136732
303,-2.73E-01,1.31E-01,1.2713932
304,-1.01E-02,7.07E-02,1.0224918
305,6.57E-01,-1.52E-01,1.1992159
306,3.94E-01,8.79E-01,0.685303
307,-9.80E-01,-6.36E-01,1.4697765
308,-7.37E-01,9.39E-01,1.3695337
309,9.60E-01,-1.11E-01,0.6566695
310,-6.16E-01,-1.00E+00,1.4570673
311,7.17E-01,3.13E-01,0.74429786
312,9.19E-01,4.55E-01,0.99622
313,6.16E-01,9.19E-01,1.4490689
314,-7.07E-02,-8.38E-01,0.56119597
315,7.37E-01,-4.75E-01,0.5019485
316,2.32E-01,5.35E-01,1.4543803
317,1.01E-02,-2.32E-01,1.1556572
318,6.36E-01,6.97E-01,0.61058617
319,8.18E-01,-1.72E-01,0.5684048
320,6.97E-01,-9.19E-01,1.5035704
321,-4.75E-01,-6.97E-01,0.55144763
322,3.94E-01,-1.31E-01,1.4173248
323,-3.33E-01,-9.80E-01,1.0482016
324,-8.79E-01,4.14E-01,0.709707
325,7.07E-02,1.92E-01,1.1299126
326,9.19E-01,-8.79E-01,0.86833775
327,-8.18E-01,1.11E-01,0.59682274
328,3.74E-01,-4.14E-01,1.4711796
329,-2.53E-01,5.15E-01,1.4727974
330,1.92E-01,3.33E-01,1.3913578
331,2.73E-01,-4.14E-01,1.4895554
332,-6.16E-01,8.38E-01,1.1087223
333,-8.79E-01,-3.33E-01,0.5885342
334,2.53E-01,-2.12E-01,1.2926166
335,-9.09E-02,-8.38E-01,0.5570391
336,-3.94E-01,6.57E-01,0.8088131
337,-7.78E-01,-2.32E-01,0.6375458
338,7.17E-01,-6.16E-01,0.60192466
339,9.60E-01,7.58E-01,1.2035623
340,4.34E-01,-4.75E-01,1.2972692
341,2.12E-01,1.31E-01,1.1808197
342,-6.36E-01,-6.36E-01,0.5161474
343,-8.18E-01,5.96E-01,0.93530715
344,-7.17E-01,5.96E-01,0.5720767
345,-2.32E-01,-5.96E-01,1.3193606
346,-4.75E-01,-6.36E-01,0.6970665
347,-6.36E-01,-6.57E-01,0.53560597
348,-1.72E-01,1.01E-02,1.0968002
349,-1.52E-01,-9.19E-01,0.56206024
350,-2.12E-01,-7.78E-01,0.6582566
351,2.93E-01,-6.57E-01,1.009352
352,-8.18E-01,-4.75E-01,0.61249614
353,-1.92E-01,-6.77E-01,1.0841433
354,-7.07E-02,4.34E-01,1.4700696
355,-8.79E-01,4.55E-01,0.80143887
356,-4.55E-01,-6.97E-01,0.57653487
357,6.57E-01,3.74E-01,0.85253024
358,-2.32E-01,6.36E-01,1.1953017
359,-1.01E-02,-4.75E-01,1.4848295
360,-5.56E-01,-3.94E-01,1.172686
361,1.00E+00,9.39E-01,0.51433086
362,-1.72E-01,1.72E-01,1.1839682
363,-9.60E-01,8.18E-01,0.9168018
364,6.16E-01,3.03E-02,1.3790327
365,-5.35E-01,3.13E-01,1.3798379
366,2.73E-01,-9.09E-02,1.2286887
367,9.60E-01,3.33E-01,0.9262364
368,9.80E-01,5.05E-02,0.7219413
369,-7.78E-01,6.97E-01,1.1357796
370,-1.52E-01,5.96E-01,1.3938441
371,7.58E-01,9.60E-01,1.1872042
372,-4.34E-01,7.58E-01,0.5098675
373,7.78E-01,-6.36E-01,0.8779805
374,-3.94E-01,-8.59E-01,0.6071418
375,2.93E-01,-8.59E-01,0.51793945
376,-5.05E-02,5.96E-01,1.4314255
377,8.59E-01,9.09E-02,0.517276
378,9.60E-01,-4.14E-01,1.0986184
379,-5.76E-01,4.34E-01,1.0056838
380,-3.94E-01,2.12E-01,1.4787368
381,-3.03E-02,6.57E-01,1.2672826
382,5.15E-01,4.14E-01,1.2479515
383,-1.52E-01,2.93E-01,1.314667
384,-2.93E-01,7.07E-02,1.2683841
385,-3.13E-01,3.94E-01,1.51358
386,-9.09E-02,9.19E-01,0.5484102
387,-1.52E-01,1.52E-01,1.1468239
388,5.76E-01,-2.73E-01,1.3184471
389,4.75E-01,-2.32E-01,1.4890729
390,-8.99E-01,6.97E-01,1.4996554
391,-3.13E-01,5.56E-01,1.3294234
392,6.36E-01,-1.72E-01,1.253626
393,-3.54E-01,-8.59E-01,0.5612564
394,6.16E-01,3.74E-01,1.007812
395,6.16E-01,4.75E-01,0.75693655
396,7.98E-01,4.34E-01,0.518361
397,-9.80E-01,7.58E-01,1.0853503
398,-1.01E-02,-9.60E-01,0.64850307
399,-4.75E-01,9.60E-01,1.2816374
400,-5.05E-02,-7.98E-01,0.68315554
401,5.35E-01,-2.53E-01,1.4257836
402,-5.96E-01,9.60E-01,1.4941611
403,-1.92E-01,-4.75E-01,1.5022658
404,-2.12E-01,5.56E-01,1.4375284
405,-6.36E-01,-1.92E-01,1.2410568
406,-6.16E-01,4.75E-01,0.75736165
407,3.03E-02,8.18E-01,0.61793435
408,5.35E-01,3.74E-01,1.2757099
409,-1.01E-02,-3.54E-01,1.3356135
410,-5.35E-01,-1.11E-01,1.4985574
411,-3.54E-01,3.94E-01,1.5109228
412,8.59E-01,-2.12E-01,0.49963546
413,-5.15E-01,-1.00E+00,1.4767663
414,4.34E-01,5.76E-01,1.0027399
415,2.32E-01,-8.38E-01,0.51306677
416,3.54E-01,7.37E-01,0.61485887
417,9.60E-01,-6.57E-01,1.4965413
418,9.09E-02,-3.54E-01,1.3504539
419,1.92E-01,-1.00E+00,0.9383755
420,4.14E-01,4.55E-01,1.3855978
421,-4.14E-01,1.52E-01,1.4715487
422,-3.03E-02,-3.94E-01,1.397453
423,-6.36E-01,-2.32E-01,1.1932329
424,1.31E-01,-2.93E-01,1.2805345
425,-4.34E-01,-7.98E-01,0.5249771
426,1.00E+00,2.32E-01,0.97724116
427,-1.72E-01,-2.73E-01,1.2921389
428,1.72E-01,7.07E-02,1.1028512
429,8.18E-01,-1.11E-01,0.59740067
430,5.15E-01,8.38E-01,0.7854922
431,3.13E-01,7.98E-01,0.5273658
432,5.05E-02,7.37E-01,0.93397725
433,-4.14E-01,-9.39E-01,1.0025253
434,6.77E-01,-7.58E-01,0.9490849
435,9.60E-01,5.96E-01,1.496652
436,-2.73E-01,-9.39E-01,0.73153317
437,5.05E-02,-3.74E-01,1.3694109
438,-4.95E-01,-3.74E-01,1.3743356
439,7.37E-01,-9.39E-01,1.3957981
440,1.92E-01,5.76E-01,1.4089993
441,-8.38E-01,-7.07E-02,0.5586314
442,-6.97E-01,7.98E-01,1.2254033
443,-7.17E-01,9.19E-01,1.4737041
444,-5.15E-01,-5.56E-01,0.84264636
445,-9.19E-01,-5.05E-02,0.53582245
446,7.58E-01,-7.58E-01,1.2776294
447,-7.58E-01,-1.01E-02,0.8499669
448,-2.73E-01,-9.09E-02,1.2441442
449,-9.80E-01,3.03E-02,0.7373185
450,6.97E-01,4.34E-01,0.6042361
451,-2.12E-01,-1.00E+00,0.9644592
452,8.99E-01,5.35E-01,1.1308674
453,-1.31E-01,-6.77E-01,1.1425545
454,5.56E-01,3.54E-01,1.2542198
455,6.57E-01,-2.73E-01,1.0466025
456,-7.78E-01,-6.36E-01,0.8936982
457,-7.58E-01,5.76E-01,0.6352426
458,9.19E-01,9.09E-02,0.53156435
459,-2.73E-01,-5.05E-02,1.2298932
460,-1.11E-01,-2.73E-01,1.2471915
461,1.52E-01,9.60E-01,0.71517134
462,1.01E-02,-4.14E-01,1.422229
463,1.11E-01,-8.79E-01,0.50707585
464,-2.53E-01,4.14E-01,1.5077792
465,9.39E-01,1.00E+00,0.5178617
466,-6.97E-01,7.17E-01,0.8692348
467,4.95E-01,-7.78E-01,0.5418822
468,-4.14E-01,4.14E-01,1.4538313
469,-9.09E-02,-9.39E-01,0.5929531
470,-2.93E-01,9.09E-02,1.2770197
471,8.38E-01,-9.19E-01,1.0791354
472,-9.60E-01,-1.72E-01,0.71644783
473,5.35E-01,6.57E-01,0.5399798
474,5.05E-02,6.97E-01,1.1078851
475,-6.16E-01,-3.54E-01,1.0531855
476,-7.17E-01,9.80E-01,1.2531056
477,-6.16E-01,6.36E-01,0.50584733
478,8.79E-01,6.97E-01,1.4857988
479,-3.13E-01,4.34E-01,1.5087253
480,-2.93E-01,2.12E-01,1.3645123
481,-9.80E-01,2.73E-01,0.94345105
482,-5.35E-01,1.11E-01,1.5003319
483,-3.94E-01,5.35E-01,1.2399992
484,1.52E-01,4.14E-01,1.4673005
485,1.00E+00,6.16E-01,1.4662476
486,8.38E-01,-3.54E-01,0.5128438
487,2.73E-01,-6.16E-01,1.1959401
488,1.52E-01,8.59E-01,0.5135009
489,-1.01E-02,-8.79E-01,0.5097956
490,-8.59E-01,7.58E-01,1.500476
491,-5.15E-01,-1.31E-01,1.5065384
492,-3.33E-01,-7.37E-01,0.6478125
493,-7.17E-01,-2.12E-01,0.8929069
494,5.96E-01,4.75E-01,0.82287955
495,-4.75E-01,1.92E-01,1.513084
496,-5.35E-01,4.55E-01,1.0878934
497,-4.34E-01,-9.09E-02,1.4709061
498,6.97E-01,8.18E-01,1.3153177
499,6.36E-01,9.39E-01,1.5040001
500,9.39E-01,-6.77E-01,1.5029991
501,-3.74E-01,-6.97E-01,0.7098779
502,9.19E-01,9.80E-01,0.5000854
503,-5.96E-01,6.97E-01,0.53779393
504,-7.78E-01,-9.80E-01,1.0034243
505,-7.58E-01,7.37E-01,1.211658
506,3.13E-01,-6.16E-01,1.1280084
507,-8.59E-01,-4.55E-01,0.7154021
508,4.95E-01,-5.96E-01,0.76520944
509,-5.35E-01,7.98E-01,0.67157984
510,2.32E-01,7.17E-01,0.86426485
511,3.54E-01,2.93E-01,1.4779614
512,-6.97E-01,-4.34E-01,0.60574937
513,-8.18E-01,2.73E-01,0.51909244
514,-2.53E-01,-2.53E-01,1.3494982
515,6.16E-01,1.92E-01,1.3014517
516,4.14E-01,5.56E-01,1.1232042
517,-2.73E-01,-1.01E-02,1.2241658
518,5.76E-01,2.12E-01,1.387237
519,9.39E-01,1.31E-01,0.5940191
520,-8.79E-01,-5.35E-01,1.0307726
521,-9.60E-01,5.35E-01,1.407162
522,-1.31E-01,-1.31E-01,1.1060667
523,1.11E-01,7.07E-02,1.0547358
524,7.17E-01,-2.32E-01,0.8653281
525,-2.32E-01,-3.33E-01,1.4185967
526,2.93E-01,8.99E-01,0.6141562
527,-4.75E-01,8.99E-01,0.9622785
528,4.34E-01,4.75E-01,1.3062776
529,5.15E-01,9.39E-01,1.2926451
530,7.58E-01,-8.18E-01,1.4616965
531,4.34E-01,4.55E-01,1.3496798
532,5.56E-01,-7.58E-01,0.5879652
533,4.14E-01,-3.54E-01,1.4814407
534,6.57E-01,-1.72E-01,1.1807288
535,1.01E-02,-6.57E-01,1.2619641
536,-2.53E-01,7.78E-01,0.6171832
537,6.57E-01,-8.38E-01,1.2381098
538,2.73E-01,-3.94E-01,1.4817944
539,-4.55E-01,-2.32E-01,1.5086334
540,4.34E-01,1.00E+00,1.381572
541,9.39E-01,5.35E-01,1.3238724
542,-6.77E-01,-1.72E-01,1.1079986
543,-5.76E-01,6.57E-01,0.508422
544,-2.93E-01,-9.60E-01,0.8644316
545,-2.53E-01,4.95E-01,1.4938601
546,1.00E+00,-3.33E-01,1.1418598
547,3.13E-01,2.32E-01,1.3930386
548,9.60E-01,-8.99E-01,0.5891455
549,-1.00E+00,-9.80E-01,0.59787583
550,6.16E-01,-1.52E-01,1.329873
551,-6.16E-01,-9.09E-02,1.3726473
552,8.99E-01,2.12E-01,0.5349294
553,-9.80E-01,1.52E-01,0.7954448
554,-3.33E-01,4.34E-01,1.5012695
555,8.59E-01,-8.38E-01,1.36518
556,7.98E-01,1.01E-02,0.68950236
557,-2.93E-01,4.95E-01,1.4706093
558,-1.52E-01,-5.76E-01,1.4269223
559,-2.12E-01,-3.03E-02,1.1431605
560,8.18E-01,-3.13E-01,0.50289583
561,7.37E-01,-1.52E-01,0.87289405
562,-9.60E-01,-1.92E-01,0.73446167
563,7.07E-02,-3.33E-01,1.3121895
564,7.98E-01,3.13E-01,0.52545446
565,-4.14E-01,-5.35E-01,1.1912106
566,4.14E-01,-2.93E-01,1.4905514
567,9.80E-01,4.34E-01,1.2655944
568,-8.38E-01,-7.37E-01,1.4631554
569,5.15E-01,-3.54E-01,1.3513519
570,-5.15E-01,-4.14E-01,1.2497903
571,1.11E-01,-5.56E-01,1.4662685
572,-4.95E-01,8.79E-01,0.916088
573,1.00E+00,6.97E-01,1.2410477
574,-1.72E-01,1.11E-01,1.134135
575,-2.73E-01,2.73E-01,1.4017907
576,-9.09E-02,6.16E-01,1.3746284
577,1.52E-01,6.36E-01,1.2777722
578,8.18E-01,5.05E-02,0.6163699
579,-7.17E-01,-5.96E-01,0.5747286
580,-2.32E-01,7.78E-01,0.63727427
581,4.75E-01,-1.31E-01,1.4873003
582,4.14E-01,-6.77E-01,0.6932494
583,-3.94E-01,-5.56E-01,1.1720479
584,-5.76E-01,3.03E-02,1.4669272
585,4.75E-01,9.39E-01,1.1860657
586,2.53E-01,-9.19E-01,0.62588
587,6.57E-01,-3.94E-01,0.8051454
588,-1.00E+00,-6.57E-01,1.36572
589,-4.95E-01,2.53E-01,1.4928825
590,4.55E-01,9.09E-02,1.473969
591,-2.12E-01,9.60E-01,0.7658429
592,-5.96E-01,5.76E-01,0.5808004
593,-2.73E-01,-8.79E-01,0.5410947
594,5.05E-02,6.77E-01,1.1885743
595,-8.59E-01,7.78E-01,1.4867619
596,-9.60E-01,-8.99E-01,0.5860032
597,-9.09E-02,4.14E-01,1.4519768
598,9.09E-02,8.79E-01,0.5094103
599,-4.55E-01,-5.15E-01,1.1487861
600,9.09E-02,2.73E-01,1.2436439
601,4.34E-01,-7.37E-01,0.5255359
602,-5.15E-01,-9.60E-01,1.3596766
603,3.13E-01,-4.55E-01,1.4769406
604,-5.96E-01,-4.55E-01,0.8781067
605,2.12E-01,-6.16E-01,1.275957
606,6.57E-01,9.39E-01,1.505393
607,-3.94E-01,-2.32E-01,1.4819638
608,-9.39E-01,8.59E-01,0.8330575
609,3.74E-01,-2.12E-01,1.4352765
610,8.99E-01,-5.05E-02,0.50269943
611,-8.38E-01,-5.05E-02,0.56191725
612,-1.31E-01,2.53E-01,1.2441123
613,-5.35E-01,-7.58E-01,0.56247175
614,-6.36E-01,-5.76E-01,0.52583027
615,-1.11E-01,-1.11E-01,1.0779805
616,5.35E-01,1.11E-01,1.4859104
617,-2.73E-01,9.19E-01,0.65706927
618,-5.35E-01,-2.12E-01,1.4664549
619,-5.76E-01,7.78E-01,0.7039343
620,-3.13E-01,7.78E-01,0.5615263
621,-7.58E-01,7.78E-01,1.363861
622,-9.19E-01,3.33E-01,0.7326381
623,5.56E-01,-8.59E-01,0.98789644
624,5.35E-01,-6.16E-01,0.6147717
625,5.56E-01,4.34E-01,1.0724803
626,4.34E-01,-9.80E-01,1.2642097
627,-5.76E-01,1.72E-01,1.4241263
628,-5.96E-01,-9.39E-01,1.4487652
629,-9.19E-01,-8.59E-01,0.9478971
630,-6.57E-01,4.55E-01,0.6751692
631,-7.17E-01,3.74E-01,0.64363146
632,-5.96E-01,-2.93E-01,1.2399007
633,-9.39E-01,5.56E-01,1.3768224
634,5.05E-02,-1.52E-01,1.0754361
635,-8.38E-01,-3.74E-01,0.5367092
636,-6.97E-01,1.52E-01,1.0453321
637,-1.11E-01,-7.07E-02,1.0575632
638,2.93E-01,6.16E-01,1.170504
639,-7.17E-01,1.72E-01,0.93942
640,7.17E-01,-8.59E-01,1.471154
641,-9.19E-01,6.36E-01,1.4698082
642,7.78E-01,-7.58E-01,1.3498675
643,-5.76E-01,-8.18E-01,0.8655132
644,9.09E-02,-2.93E-01,1.2595772
645,4.34E-01,-7.58E-01,0.50681835
646,1.31E-01,6.97E-01,1.0623463
647,7.37E-01,-2.93E-01,0.7007272
648,-1.52E-01,7.78E-01,0.7062631
649,-4.34E-01,-7.58E-01,0.5128406
650,6.57E-01,5.76E-01,0.50839245
651,-3.94E-01,-3.33E-01,1.5068136
652,-1.52E-01,7.17E-01,0.95975137
653,-8.59E-01,7.98E-01,1.4544863
654,-6.16E-01,1.11E-01,1.3647319
655,-5.96E-01,-2.53E-01,1.2975931
656,-6.57E-01,1.92E-01,1.1655461
657,3.33E-01,1.92E-01,1.3836173
658,5.05E-02,-8.38E-01,0.56351775
659,2.73E-01,-1.00E+00,1.0502993
660,7.98E-01,3.54E-01,0.50783557
661,8.99E-01,-1.52E-01,0.5127543
662,-1.31E-01,-6.97E-01,1.0613959
663,-2.93E-01,3.33E-01,1.4756306
664,5.56E-01,-4.34E-01,1.0668378
665,7.78E-01,5.96E-01,0.75839245
666,7.17E-01,-8.99E-01,1.505493
667,9.60E-01,2.32E-01,0.76183975
668,-3.33E-01,2.32E-01,1.4295341
669,-1.00E+00,-7.17E-01,1.1558805
670,5.56E-01,-4.14E-01,1.1175802
671,-2.53E-01,-1.31E-01,1.2387244
672,-6.36E-01,-3.33E-01,1.0213871
673,-9.09E-02,-6.97E-01,1.0880065
674,7.98E-01,8.59E-01,1.4580804
675,-6.16E-01,-9.80E-01,1.491223
676,-8.79E-01,-2.53E-01,0.52912724
677,-9.09E-02,2.73E-01,1.2479144
678,5.96E-01,5.96E-01,0.5480624
679,-4.95E-01,8.18E-01,0.65199625
680,1.52E-01,-6.36E-01,1.269509
681,-2.73E-01,1.11E-01,1.2586461
682,-1.11E-01,-8.59E-01,0.5199263
683,-5.96E-01,-7.17E-01,0.575011
684,1.92E-01,8.18E-01,0.55923754
685,-9.19E-01,-6.57E-01,1.4883931
686,9.19E-01,2.53E-01,0.61650133
687,3.33E-01,9.09E-02,1.3204578
688,-3.94E-01,1.92E-01,1.4690707
689,2.53E-01,8.99E-01,0.5776081
690,3.13E-01,-3.13E-01,1.4502137
691,-1.92E-01,2.73E-01,1.3207641
692,3.74E-01,-3.33E-01,1.4896169
693,-1.31E-01,-9.60E-01,0.68605673
694,-8.59E-01,6.97E-01,1.4400258
695,-8.38E-01,8.18E-01,1.4585007
696,-3.74E-01,2.93E-01,1.501931
697,8.99E-01,8.99E-01,0.8332809
698,-3.54E-01,7.78E-01,0.5303643
699,1.11E-01,-5.35E-01,1.4851121
700,-4.95E-01,1.01E-02,1.5087577
701,3.74E-01,-8.79E-01,0.636477
702,5.05E-02,5.76E-01,1.4652674
703,5.76E-01,2.93E-01,1.2975646
704,3.74E-01,1.00E+00,1.2672755
705,-7.17E-01,-1.11E-01,0.9925704
706,7.17E-01,-4.34E-01,0.55683774
707,-6.57E-01,-2.73E-01,1.0507896
708,9.39E-01,9.19E-01,0.5811056
709,-5.56E-01,-7.98E-01,0.72219706
710,-6.77E-01,-7.17E-01,0.7918416
711,-6.16E-01,6.16E-01,0.50965035
712,-7.07E-02,-5.96E-01,1.4172478
713,2.53E-01,5.05E-02,1.1894264
714,5.76E-01,4.55E-01,0.94666195
715,-3.54E-01,8.38E-01,0.5250888
716,-5.05E-02,8.59E-01,0.5254098
717,-4.55E-01,-2.93E-01,1.49954
718,7.07E-02,-3.94E-01,1.4020641
719,-2.73E-01,3.13E-01,1.4425095
720,-3.74E-01,2.73E-01,1.4932191
721,7.17E-01,-3.54E-01,0.67436266
722,-4.34E-01,-8.59E-01,0.6723504
723,-6.97E-01,-1.01E-02,1.1157471
724,-8.59E-01,9.39E-01,0.8312745
725,6.16E-01,3.33E-01,1.0962623
726,-1.31E-01,-8.38E-01,0.5464681
727,-3.13E-01,-1.31E-01,1.3239477
728,8.38E-01,9.19E-01,1.0378828
729,7.78E-01,8.59E-01,1.4913146
730,-4.55E-01,1.72E-01,1.5070227
731,9.80E-01,8.79E-01,0.5723429
732,4.75E-01,-7.58E-01,0.50588506
733,1.00E+00,-2.93E-01,1.0671914
734,-5.15E-01,-3.33E-01,1.3926594
735,-4.55E-01,-6.77E-01,0.62282485
736,-9.39E-01,-1.92E-01,0.6463102
737,-6.77E-01,5.76E-01,0.50616187
738,-5.96E-01,-6.77E-01,0.51864713
739,-4.14E-01,9.19E-01,0.9075786
740,-5.15E-01,1.31E-01,1.5088427
741,-9.80E-01,-8.18E-01,0.8147396
742,1.01E-02,5.05E-02,1.0142711
743,7.78E-01,2.12E-01,0.6573847
744,4.75E-01,3.94E-01,1.3798776
745,1.52E-01,-9.60E-01,0.6979089
746,-5.96E-01,5.96E-01,0.5481242
747,-9.09E-02,-7.17E-01,1.0033432
748,-7.37E-01,1.01E-02,0.94237244
749,-3.74E-01,4.34E-01,1.4734662
750,-6.36E-01,-1.31E-01,1.2935
751,3.33E-01,4.55E-01,1.4783782
752,-3.33E-01,9.80E-01,1.0653725
753,1.01E-02,-6.16E-01,1.3810006
754,7.17E-01,7.98E-01,1.3050723
755,6.36E-01,2.32E-01,1.1911985
756,-8.18E-01,-9.39E-01,1.0444634
757,6.16E-01,-8.38E-01,1.0914114
758,-1.01E-02,-6.16E-01,1.3813375
759,2.53E-01,6.16E-01,1.2331475
760,-3.74E-01,1.72E-01,1.4366804
761,3.13E-01,-3.74E-01,1.4856501
762,-4.55E-01,-2.12E-01,1.5078443
763,9.19E-01,2.93E-01,0.6620052
764,-3.03E-02,-2.93E-01,1.2442985
765,7.98E-01,3.94E-01,0.50395954
766,8.18E-01,5.56E-01,0.800825
767,-1.00E+00,-5.15E-01,1.4777302
768,9.19E-01,4.14E-01,0.8885901
769,4.34E-01,-5.96E-01,0.9271606
770,-1.11E-01,8.18E-01,0.5975977
771,8.38E-01,2.32E-01,0.5107288
772,7.78E-01,-1.31E-01,0.72204643
773,-2.73E-01,-2.93E-01,1.4127237
774,5.05E-02,-1.31E-01,1.0586369
775,1.00E+00,9.80E-01,0.6279961
776,2.73E-01,1.52E-01,1.2728916
777,-3.03E-02,-8.38E-01,0.5665053
778,9.60E-01,3.13E-01,0.8874191
779,-7.58E-01,-8.38E-01,1.4895386
780,7.07E-02,-1.00E+00,0.84681296
781,-4.75E-01,3.94E-01,1.3865415
782,-8.99E-01,9.80E-01,0.54122245
783,-4.14E-01,-3.03E-02,1.4384283
784,2.93E-01,3.94E-01,1.5017122
785,-3.13E-01,9.39E-01,0.80283344
786,-7.78E-01,-8.59E-01,1.4863049
787,-7.17E-01,-3.74E-01,0.6453469
788,8.79E-01,-2.32E-01,0.51036525
789,-7.37E-01,5.15E-01,0.51149446
790,7.98E-01,9.39E-01,1.1221231
791,-7.07E-02,-9.09E-02,1.0441813
792,5.05E-02,-6.57E-01,1.2549273
793,-6.77E-01,9.39E-01,1.489959
794,-4.95E-01,7.07E-02,1.5106996
795,2.93E-01,-9.19E-01,0.6704639
796,-8.38E-01,9.19E-01,1.0430424
797,4.55E-01,-1.01E-02,1.4637514
798,-5.15E-01,-7.17E-01,0.50956434
799,-9.60E-01,3.74E-01,1.0276325
800,7.58E-01,2.12E-01,0.7287091
801,5.35E-01,-2.12E-01,1.4518018
802,1.00E+00,4.75E-01,1.431603
803,9.19E-01,-6.77E-01,1.5058453
804,8.18E-01,-2.73E-01,0.5161754
805,2.53E-01,3.54E-01,1.4574364
806,-6.77E-01,8.99E-01,1.4883274
807,3.03E-02,-7.78E-01,0.7628989
808,-5.35E-01,5.76E-01,0.72383463
809,-6.16E-01,1.31E-01,1.3540252
810,3.74E-01,-7.78E-01,0.51655334
811,5.35E-01,-2.93E-01,1.3887696
812,8.59E-01,9.39E-01,0.82185555
813,-8.38E-01,8.59E-01,1.334976
814,9.80E-01,8.99E-01,0.5259611
815,-2.93E-01,6.36E-01,1.0998663
816,9.09E-02,-6.16E-01,1.3630639
817,-3.13E-01,-3.54E-01,1.4911726
818,-9.19E-01,3.94E-01,0.8520787
819,-4.14E-01,9.39E-01,1.0160148
820,4.14E-01,5.76E-01,1.0548437
821,-7.17E-01,-7.58E-01,1.1237862
822,-7.07E-02,8.99E-01,0.5161454
823,-3.94E-01,-3.54E-01,1.5037684
824,1.92E-01,8.38E-01,0.5254773
825,-7.98E-01,6.36E-01,0.9871434
826,-3.94E-01,4.55E-01,1.4224466
827,7.37E-01,-3.33E-01,0.6434481
828,-6.36E-01,9.39E-01,1.4985933
829,5.56E-01,-1.31E-01,1.4584988
830,3.54E-01,3.33E-01,1.4969524
831,-1.00E+00,-4.75E-01,1.4293764
832,1.92E-01,-5.56E-01,1.4342451
833,7.58E-01,-2.53E-01,0.6800163
834,6.57E-01,-1.11E-01,1.2293477
835,7.17E-01,-7.98E-01,1.282478
836,6.97E-01,2.73E-01,0.888507
837,-3.33E-01,8.38E-01,0.5157319
838,4.75E-01,-1.11E-01,1.4853624
839,-4.14E-01,-2.12E-01,1.4889928
840,1.52E-01,-8.38E-01,0.5376243
841,-5.96E-01,8.99E-01,1.3255272
842,7.17E-01,3.74E-01,0.64484733
843,-8.18E-01,9.09E-02,0.6041064
844,-9.80E-01,5.96E-01,1.5000384
845,-3.33E-01,-3.74E-01,1.5042955
846,8.18E-01,1.01E-02,0.62101287
847,5.56E-01,-8.38E-01,0.8851731
848,-8.59E-01,6.77E-01,1.3934774
849,-8.18E-01,3.74E-01,0.5104785
850,-6.57E-01,6.57E-01,0.564436
851,6.16E-01,-3.33E-01,1.0913192
852,-1.92E-01,-2.12E-01,1.2374227
853,-9.80E-01,-5.76E-01,1.494829
854,-9.19E-01,7.98E-01,1.2340498
855,-5.76E-01,7.98E-01,0.78238213
856,5.76E-01,1.92E-01,1.4020551
857,2.73E-01,1.31E-01,1.2573292
858,3.33E-01,6.57E-01,0.9366219
859,-8.99E-01,3.94E-01,0.7557379
860,3.94E-01,-9.60E-01,1.0647775
861,-8.18E-01,-5.15E-01,0.6939941
862,6.36E-01,4.95E-01,0.6508218
863,-3.94E-01,-8.79E-01,0.6738816
864,5.76E-01,9.80E-01,1.5050488
865,5.05E-02,-9.39E-01,0.5828886
866,3.03E-02,8.38E-01,0.56465477
867,2.12E-01,-6.57E-01,1.1335485
868,3.33E-01,-1.92E-01,1.374689
869,8.99E-01,3.94E-01,0.74638116
870,-5.15E-01,2.73E-01,1.4579592
871,-3.94E-01,8.79E-01,0.67874235
872,-9.09E-02,-1.11E-01,1.0656434
873,6.97E-01,-8.99E-01,1.5022476
874,-1.72E-01,-6.16E-01,1.3193424
875,7.37E-01,5.15E-01,0.51107335
876,-8.79E-01,5.05E-02,0.5064113
877,-5.56E-01,-6.77E-01,0.51092356
878,9.80E-01,-1.01E-02,0.7150912
879,1.52E-01,5.76E-01,1.4336629
880,-2.53E-01,-2.93E-01,1.393187
881,-3.94E-01,-9.39E-01,0.95453846
882,-5.76E-01,8.59E-01,1.0721706
883,2.93E-01,-1.92E-01,1.3235496
884,4.55E-01,-7.78E-01,0.5109522
885,4.75E-01,-1.01E-02,1.4796673
886,-7.07E-02,4.55E-01,1.4900724
887,1.11E-01,5.96E-01,1.4125454
888,7.78E-01,-3.13E-01,0.55858874
889,-5.76E-01,-5.96E-01,0.5837454
890,-1.00E+00,5.05E-02,0.84409845
891,3.74E-01,6.57E-01,0.84988487
892,-6.36E-01,4.34E-01,0.7908618
893,9.60E-01,7.98E-01,1.0152566
894,-1.72E-01,7.17E-01,0.939888
895,-3.33E-01,1.52E-01,1.3706661
896,-8.18E-01,-1.01E-02,0.6196729
897,-2.73E-01,7.78E-01,0.598035
898,-4.75E-01,7.37E-01,0.5079331
899,-1.52E-01,5.35E-01,1.4935971
900,9.19E-01,-3.33E-01,0.7134546
901,-5.96E-01,4.14E-01,0.98607576
902,-6.36E-01,-9.39E-01,1.4931418
903,-9.19E-01,-2.53E-01,0.6290016
904,3.54E-01,7.78E-01,0.53022486
905,9.80E-01,2.53E-01,0.89506996
906,8.59E-01,-4.34E-01,0.6551573
907,5.96E-01,-8.99E-01,1.3096938
908,6.97E-01,5.15E-01,0.513167
909,6.57E-01,-4.75E-01,0.6324129
910,8.99E-01,1.00E+00,0.49923944
911,-4.34E-01,-5.35E-01,1.1420342
912,6.16E-01,5.76E-01,0.54713625
913,-5.56E-01,-9.39E-01,1.3704342
914,-7.58E-01,6.36E-01,0.8094045
915,4.75E-01,1.00E+00,1.4473677
916,6.97E-01,-3.03E-02,1.1110545
917,8.38E-01,9.80E-01,0.70838535
918,7.37E-01,2.53E-01,0.75890326
919,-1.52E-01,-5.56E-01,1.4588693
920,-2.32E-01,3.54E-01,1.4524484
921,4.95E-01,-8.18E-01,0.64266175
922,7.58E-01,-3.74E-01,0.54278696
923,8.99E-01,-2.93E-01,0.5881386
924,5.15E-01,-9.60E-01,1.3575579
925,-5.35E-01,1.01E-02,1.5063672
926,4.55E-01,6.77E-01,0.6186856
927,2.93E-01,2.12E-01,1.3509663
928,-8.79E-01,-7.58E-01,1.4831482
929,3.94E-01,8.59E-01,0.6150248
930,-7.58E-01,-1.92E-01,0.74786186
931,9.80E-01,1.11E-01,0.74772155
932,2.12E-01,-2.32E-01,1.2687373
933,2.73E-01,1.92E-01,1.3073912
934,-1.01E-02,-2.73E-01,1.2121682
935,9.60E-01,-1.52E-01,0.6805768
936,-3.33E-01,-7.58E-01,0.59030294
937,-6.77E-01,-9.19E-01,1.4980402
938,-3.54E-01,-2.12E-01,1.4318922
939,-7.78E-01,-9.39E-01,1.2292259
940,3.13E-01,-3.03E-02,1.2697377
941,4.75E-01,6.57E-01,0.63408613
942,9.09E-02,7.17E-01,1.0041388
943,-5.05E-02,-1.52E-01,1.0783615
944,-4.34E-01,4.34E-01,1.3950304
945,8.38E-01,8.99E-01,1.1476939
946,7.37E-01,-2.32E-01,0.7843433
947,1.31E-01,6.57E-01,1.2212393
948,7.37E-01,1.01E-02,0.9432765
949,2.32E-01,2.73E-01,1.3492316
950,7.98E-01,-6.77E-01,1.1280514
951,-4.55E-01,-9.39E-01,1.1080803
952,-6.57E-01,-1.72E-01,1.1860832
953,3.94E-01,3.13E-01,1.5015177
954,-3.03E-02,4.14E-01,1.4400437
955,-7.17E-01,6.97E-01,0.86891925
956,7.58E-01,4.14E-01,0.51625645
957,-8.79E-01,7.07E-02,0.5059006
958,8.79E-01,4.75E-01,0.84631336
959,2.73E-01,-6.57E-01,1.0440329
960,9.60E-01,-6.97E-01,1.4338588
961,-9.80E-01,-4.34E-01,1.270955
962,-8.38E-01,-1.00E+00,0.6388954
963,-8.38E-01,-3.94E-01,0.554044
964,6.97E-01,-8.59E-01,1.4327798
965,-9.39E-01,2.93E-01,0.76054406
966,4.55E-01,5.05E-02,1.4675968
967,7.17E-01,-3.74E-01,0.6422041
968,5.96E-01,1.00E+00,1.4805733
969,3.94E-01,-5.15E-01,1.2817055
970,5.05E-02,3.33E-01,1.3217467
971,4.34E-01,-1.01E-02,1.4420518
972,4.75E-01,3.13E-01,1.468618
973,6.57E-01,6.77E-01,0.6093353
974,-2.93E-01,5.15E-01,1.4419142
975,-7.07E-02,9.60E-01,0.6707963
976,-5.96E-01,-4.14E-01,0.98553455
977,-3.94E-01,1.01E-02,1.4103701
978,-1.72E-01,-5.96E-01,1.3725901
979,-1.31E-01,-2.93E-01,1.2879748
980,5.05E-02,3.03E-02,1.0150208
981,-4.75E-01,5.76E-01,0.8923465
982,3.74E-01,-9.39E-01,0.9047489
983,1.52E-01,3.94E-01,1.445352
984,-3.13E-01,6.77E-01,0.89914644
985,-7.17E-01,3.54E-01,0.6756005
986,5.76E-01,-1.92E-01,1.3968796
987,-9.60E-01,-8.79E-01,0.6540114
988,3.94E-01,-1.92E-01,1.4447707
989,8.99E-01,-9.09E-02,0.50467753
990,-1.00E+00,3.94E-01,1.286454
991,8.59E-01,-6.16E-01,1.1861948
992,1.00E+00,-1.52E-01,0.879045
993,-5.96E-01,1.72E-01,1.3793266
994,-8.38E-01,7.78E-01,1.5010704
995,2.12E-01,3.94E-01,1.4722785
996,-6.77E-01,3.13E-01,0.8984089
997,5.15E-01,9.80E-01,1.4487426
998,1.01E-02,-8.79E-01,0.5096431
999,7.58E-01,-8.59E-01,1.5064343
1000,9.39E-01,-1.00E+00,0.4717684
1001,6.16E-01,8.99E-01,1.3869128
1002,4.55E-01,1.11E-01,1.4779586
1003,5.76E-01,-3.54E-01,1.1863557
1004,4.75E-01,-1.72E-01,1.4905337
1005,4.95E-01,-2.93E-01,1.4511776
1006,-1.00E+00,1.31E-01,0.88619196
1007,-4.95E-01,3.03E-02,1.5092204
1008,8.18E-01,-8.38E-01,1.4761504
1009,8.18E-01,9.09E-02,0.6056584
1010,-2.73E-01,-6.77E-01,0.96961653
1011,-9.39E-01,2.32E-01,0.68206906
1012,3.94E-01,-4.95E-01,1.3295333
1013,-9.09E-02,8.18E-01,0.6047207
1014,-2.53E-01,4.75E-01,1.507214
1015,3.54E-01,-2.53E-01,1.4414374
1016,-2.53E-01,-4.75E-01,1.4971229
1017,-6.97E-01,4.95E-01,0.5271013
1018,-6.77E-01,7.78E-01,1.0566336
1019,-5.76E-01,8.79E-01,1.172414
1020,-7.07E-02,-5.15E-01,1.4992241
1021,-1.11E-01,-1.92E-01,1.1466134
1022,4.75E-01,-9.80E-01,1.3534513
1023,-7.07E-02,3.13E-01,1.2990925
1024,5.05E-02,4.14E-01,1.4411191
1025,6.77E-01,2.53E-01,1.0024126
1026,5.96E-01,-1.52E-01,1.3799416
1027,3.33E-01,-1.31E-01,1.3351065
1028,-9.80E-01,4.95E-01,1.4005162
1029,-5.56E-01,8.38E-01,0.90025663
1030,8.18E-01,-5.96E-01,0.91664696
1031,-2.32E-01,-4.75E-01,1.5007234
1032,-5.96E-01,2.32E-01,1.3246038
1033,6.36E-01,8.59E-01,1.2846462
1034,5.15E-01,3.33E-01,1.3888358
1035,-1.31E-01,-5.05E-02,1.0655034
1036,1.01E-02,-6.36E-01,1.3279737
1037,-1.31E-01,1.00E+00,0.90178835
1038,-3.03E-02,-2.73E-01,1.2149336
1039,7.37E-01,5.56E-01,0.54842275
1040,-3.94E-01,-6.16E-01,0.9615245
1041,-4.34E-01,-3.33E-01,1.4950106
1042,3.94E-01,-7.07E-02,1.3979973
1043,8.18E-01,8.99E-01,1.2413076
1044,7.07E-02,-7.58E-01,0.83411235
1045,-3.13E-01,1.72E-01,1.3571379
1046,6.97E-01,3.74E-01,0.70832056
1047,4.14E-01,-1.72E-01,1.4552838
1048,-6.77E-01,-9.60E-01,1.4535977
1049,-9.19E-01,1.00E+00,0.51568294
1050,8.99E-01,-5.96E-01,1.3037785
1051,5.56E-01,3.13E-01,1.3225747
1052,-4.34E-01,-4.95E-01,1.2578022
1053,-5.76E-01,9.09E-02,1.4574474
1054,-1.11E-01,1.01E-02,1.0451027
1055,3.94E-01,-1.11E-01,1.4097984
1056,-6.97E-01,3.94E-01,0.6710053
1057,-8.38E-01,7.37E-01,1.4686209
1058,-5.56E-01,5.76E-01,0.66935146
1059,-8.59E-01,9.80E-01,0.64394593
1060,2.53E-01,2.73E-01,1.3700306
1061,-8.18E-01,4.14E-01,0.5332285
1062,1.31E-01,9.39E-01,0.6187407
1063,9.19E-01,7.17E-01,1.4826624
1064,-9.09E-02,7.37E-01,0.9174534
1065,-5.76E-01,3.74E-01,1.1534727
1066,-3.74E-01,6.16E-01,1.0097324
1067,1.11E-01,8.18E-01,0.59694946
1068,7.98E-01,4.75E-01,0.55713636
1069,-9.39E-01,6.36E-01,1.4966068
1070,8.99E-01,3.54E-01,0.6733148
1071,6.57E-01,9.19E-01,1.50016
1072,-8.79E-01,-9.39E-01,0.74756145
1073,4.95E-01,7.17E-01,0.511358
1074,2.53E-01,-6.57E-01,1.0761313
1075,-2.73E-01,-7.37E-01,0.73183525
1076,-9.19E-01,-9.19E-01,0.66454864
1077,6.36E-01,-1.92E-01,1.2341083
1078,-2.93E-01,5.56E-01,1.3576154
1079,-5.56E-01,4.75E-01,0.9604702
1080,-1.11E-01,-7.58E-01,0.815188
1081,-9.09E-02,1.72E-01,1.1220765
1082,2.53E-01,-3.54E-01,1.4428686
1083,3.33E-01,-2.73E-01,1.4364574
1084,2.93E-01,-6.16E-01,1.1635314
1085,-5.96E-01,-8.18E-01,0.9327977
1086,-5.05E-02,-8.38E-01,0.5643844
1087,-5.15E-01,6.36E-01,0.61099356
1088,1.31E-01,8.38E-01,0.5440832
1089,6.57E-01,-7.17E-01,0.71307373
1090,9.19E-01,6.97E-01,1.5029887
1091,3.94E-01,1.01E-02,1.3909488
1092,-9.60E-01,-7.78E-01,1.1150899
1093,-1.72E-01,-6.57E-01,1.1832243
1094,-5.05E-02,4.34E-01,1.4667383
1095,4.55E-01,1.00E+00,1.4172515
1096,6.97E-01,3.94E-01,0.67200875
1097,-5.96E-01,-8.99E-01,1.3140287
1098,8.79E-01,-7.78E-01,1.4703689
1099,-7.98E-01,-4.34E-01,0.52357394
1100,-6.16E-01,2.93E-01,1.173256
1101,6.36E-01,-6.36E-01,0.5075184
1102,9.60E-01,-3.33E-01,0.9165952
1103,9.60E-01,5.05E-02,0.63753206
1104,6.36E-01,1.72E-01,1.2572229
1105,2.73E-01,-5.05E-02,1.2145269
1106,6.36E-01,4.55E-01,0.74085456
1107,9.60E-01,1.72E-01,0.6996458
1108,-6.57E-01,-8.18E-01,1.1561029
1109,6.77E-01,7.58E-01,0.97129714
1110,-1.00E+00,-8.59E-01,0.5741471
1111,-8.99E-01,1.72E-01,0.527335
1112,-8.18E-01,-8.38E-01,1.4600028
1113,-6.77E-01,6.36E-01,0.56354374
1114,5.05E-02,-2.32E-01,1.161314
1115,-1.31E-01,-5.96E-01,1.396495
1116,5.96E-01,-5.35E-01,0.6646714
1117,-5.05E-02,6.36E-01,1.3312278
1118,-3.13E-01,-3.13E-01,1.4655359
1119,5.56E-01,9.19E-01,1.3106999
1120,-7.58E-01,5.96E-01,0.6852921
1121,-7.37E-01,1.00E+00,1.0574058
1122,4.55E-01,9.60E-01,1.2428144
1123,1.52E-01,1.31E-01,1.1213912
1124,-9.09E-02,4.55E-01,1.4931861
1125,-7.58E-01,-5.35E-01,0.5618781
1126,-8.79E-01,9.80E-01,0.5842381
1127,2.12E-01,2.73E-01,1.3301303
1128,1.11E-01,3.03E-02,1.0417987
1129,9.09E-02,1.01E-02,1.0276551
1130,8.99E-01,9.09E-02,0.5058383
1131,-5.15E-01,5.35E-01,0.90974975
1132,3.03E-02,-5.15E-01,1.4973433
1133,-7.78E-01,-7.17E-01,1.2096434
1134,5.96E-01,2.32E-01,1.3184966
1135,6.16E-01,-1.01E-02,1.3800875
1136,4.95E-01,-1.11E-01,1.4914671
1137,8.38E-01,-4.14E-01,0.56220675
1138,-7.07E-02,-1.92E-01,1.1247278
1139,6.97E-01,-1.00E+00,1.2581614
1140,-2.93E-01,5.05E-02,1.2617458
1141,1.92E-01,5.35E-01,1.476258
1142,-4.55E-01,-1.72E-01,1.5031464
1143,1.00E+00,8.38E-01,0.62981975
1144,6.16E-01,9.39E-01,1.4901804
1145,-8.18E-01,-8.59E-01,1.4078664
1146,-5.35E-01,-4.55E-01,1.0863935
1147,-9.09E-02,3.13E-01,1.3073727
1148,7.98E-01,-3.94E-01,0.49975473
1149,8.99E-01,7.98E-01,1.3307332
1150,4.14E-01,7.17E-01,0.5844655
1151,3.13E-01,-3.33E-01,1.4643329
1152,5.96E-01,-3.74E-01,1.0757967
1153,-1.00E+00,8.99E-01,0.516466
1154,-1.01E-02,1.52E-01,1.0773418
1155,7.98E-01,-2.32E-01,0.5794319
1156,-7.07E-02,6.16E-01,1.3814214
1157,7.37E-01,7.98E-01,1.3709294
1158,8.59E-01,-1.00E+00,0.57383716
1159,5.05E-02,4.95E-01,1.5097513
1160,-7.58E-01,-2.12E-01,0.72709394
1161,2.32E-01,4.34E-01,1.5040714
1162,5.35E-01,7.98E-01,0.6775345
1163,-2.12E-01,-6.57E-01,1.1388127
1164,6.36E-01,-8.38E-01,1.163571
1165,7.78E-01,2.32E-01,0.6383821
1166,7.78E-01,5.15E-01,0.57023406
1167,-1.01E-02,8.59E-01,0.5273487
1168,8.59E-01,-3.94E-01,0.5909952
1169,-9.80E-01,-6.77E-01,1.3899227
1170,2.12E-01,-8.18E-01,0.5486828
1171,4.75E-01,-6.57E-01,0.6319635
1172,8.38E-01,5.05E-02,0.56185997
1173,2.53E-01,6.97E-01,0.9170258
1174,1.72E-01,-3.54E-01,1.390407
1175,-5.96E-01,-9.60E-01,1.4875087
1176,-2.32E-01,-1.00E+00,0.9909934
1177,-1.01E-02,-3.94E-01,1.3954252
1178,4.95E-01,7.58E-01,0.52230346
1179,6.97E-01,-1.52E-01,1.0428017
1180,9.19E-01,-8.99E-01,0.7674086
1181,3.13E-01,-5.35E-01,1.3651494
1182,-7.37E-01,-9.39E-01,1.3776369
1183,5.15E-01,3.03E-02,1.4943588
1184,-7.37E-01,5.96E-01,0.62056136
1185,-1.11E-01,6.77E-01,1.160974
1186,-8.99E-01,4.55E-01,0.8997117
1187,3.94E-01,2.53E-01,1.4830259
1188,-7.78E-01,7.58E-01,1.3635579
1189,-6.36E-01,4.75E-01,0.6946641
1190,8.79E-01,7.07E-02,0.50192046
1191,9.19E-01,-1.01E-02,0.52280974
1192,-4.95E-01,-9.80E-01,1.3943323
1193,7.98E-01,-8.79E-01,1.4231781
1194,-5.05E-02,3.94E-01,1.4160203
1195,4.75E-01,4.95E-01,1.151978
1196,9.60E-01,7.07E-02,0.64287055
1197,5.56E-01,-3.94E-01,1.1647524
1198,6.16E-01,-6.57E-01,0.50884056
1199,3.03E-02,4.75E-01,1.5001208
1200,6.97E-01,-8.79E-01,1.4777075
1201,-7.98E-01,4.14E-01,0.5104677
1202,3.54E-01,-4.34E-01,1.4692882
1203,-9.60E-01,-3.13E-01,0.90224504
1204,-1.11E-01,7.07E-02,1.0608089
1205,1.52E-01,-8.79E-01,0.5073942
1206,-9.80E-01,-6.97E-01,1.3321052
1207,5.15E-01,7.07E-02,1.4949948
1208,-8.59E-01,-1.92E-01,0.5074455
1209,7.78E-01,8.99E-01,1.3925732
1210,-7.37E-01,-2.32E-01,0.7850146
1211,-9.60E-01,6.16E-01,1.5001659
1212,8.18E-01,6.36E-01,1.0824531
1213,-5.15E-01,4.75E-01,1.0951371
1214,4.34E-01,6.36E-01,0.7887691
1215,5.96E-01,5.76E-01,0.5805078
1216,-8.18E-01,-1.52E-01,0.57971066
1217,2.53E-01,-9.09E-02,1.2014475
1218,-1.72E-01,4.55E-01,1.5080148
1219,-4.34E-01,7.17E-01,0.5602953
1220,-2.32E-01,6.16E-01,1.2644123
1221,-4.75E-01,7.58E-01,0.5099364
1222,7.78E-01,-2.53E-01,0.61596143
1223,-3.33E-01,-9.60E-01,0.93712735
1224,4.14E-01,4.34E-01,1.4199423
1225,5.96E-01,9.60E-01,1.4998556
1226,7.78E-01,1.11E-01,0.735574
1227,9.80E-01,-8.18E-01,0.8371304
1228,-9.39E-01,-7.07E-02,0.5868056
1229,-5.35E-01,-3.54E-01,1.3146657
1230,-3.74E-01,6.97E-01,0.7079947
1231,1.52E-01,-3.94E-01,1.4294482
1232,-4.95E-01,5.15E-01,1.0357847
1233,-9.60E-01,-7.98E-01,1.0211941
1234,-4.95E-01,-9.60E-01,1.3144375
1235,3.03E-02,-5.35E-01,1.4926629
1236,-3.54E-01,1.31E-01,1.3877102
1237,-7.78E-01,-1.92E-01,0.6741039
1238,2.12E-01,-2.93E-01,1.3421229
1239,-8.38E-01,-7.58E-01,1.4895941
1240,-6.77E-01,4.34E-01,0.6578111
1241,3.13E-01,4.34E-01,1.5012667
1242,2.12E-01,-6.97E-01,0.972365
1243,1.01E-02,-7.78E-01,0.76528716
1244,2.93E-01,1.72E-01,1.3155968
1245,-4.34E-01,-8.99E-01,0.84455097
1246,3.13E-01,8.59E-01,0.5348378
1247,8.79E-01,5.35E-01,1.0276024
1248,9.80E-01,-1.72E-01,0.7903775
1249,2.93E-01,5.96E-01,1.2387146
1250,-6.97E-01,1.72E-01,1.0252758
1251,-3.33E-01,1.00E+00,1.1786553
1252,1.31E-01,3.03E-02,1.0552962
1253,1.11E-01,-5.96E-01,1.4013807
1254,8.18E-01,-2.32E-01,0.535949
1255,3.54E-01,8.59E-01,0.56677055
1256,-7.98E-01,7.78E-01,1.4656218
1257,1.31E-01,2.73E-01,1.2654988
1258,-8.38E-01,-9.19E-01,1.0553908
1259,-5.15E-01,-9.80E-01,1.4291261
1260,4.55E-01,-4.55E-01,1.2971058
1261,-9.80E-01,-4.95E-01,1.3969501
1262,-4.14E-01,-3.54E-01,1.4962543
1263,-1.31E-01,-6.16E-01,1.3473612
1264,-3.03E-02,-4.55E-01,1.4703158
1265,3.13E-01,-4.34E-01,1.487617
1266,5.15E-01,7.58E-01,0.5397953
1267,6.97E-01,-5.15E-01,0.50916535
1268,1.72E-01,-9.39E-01,0.62940913
1269,-1.11E-01,-8.79E-01,0.5087396
1270,-5.15E-01,3.74E-01,1.3329175
1271,7.07E-02,-6.77E-01,1.1753845
1272,-7.37E-01,4.34E-01,0.5269497
1273,1.92E-01,7.78E-01,0.6723043
1274,7.98E-01,-1.72E-01,0.6238197
1275,6.36E-01,-8.99E-01,1.4130039
1276,9.60E-01,8.18E-01,0.91605234
1277,4.34E-01,2.53E-01,1.4991945
1278,-6.16E-01,1.01E-02,1.390083
1279,-5.56E-01,8.79E-01,1.1068261
1280,1.72E-01,-4.75E-01,1.4936867
1281,-6.36E-01,3.13E-01,1.0618542
1282,-1.00E+00,-7.78E-01,0.8849727
1283,3.74E-01,-9.80E-01,1.1301553
1284,-9.60E-01,-1.52E-01,0.70085573
1285,-9.09E-02,2.53E-01,1.2196761
1286,9.60E-01,-5.96E-01,1.4911045
1287,4.75E-01,7.37E-01,0.50902003
1288,6.36E-01,-9.80E-01,1.4831783
1289,3.03E-02,-6.77E-01,1.1876291
1290,-2.73E-01,-4.14E-01,1.5015419
1291,-2.12E-01,-4.75E-01,1.5022281
1292,-6.36E-01,3.94E-01,0.88635325
1293,-8.18E-01,7.78E-01,1.4929875
1294,1.72E-01,4.34E-01,1.4908713
1295,-5.56E-01,6.97E-01,0.5080154
1296,-4.14E-01,9.60E-01,1.1322333
1297,-4.55E-01,4.34E-01,1.3553383
1298,-6.57E-01,8.99E-01,1.4628748
1299,5.15E-01,2.12E-01,1.4795525
1300,1.01E-02,-2.53E-01,1.183464
1301,8.38E-01,6.57E-01,1.2529836
1302,-7.58E-01,-9.39E-01,1.3080814
1303,-1.00E+00,6.97E-01,1.2296342
1304,3.13E-01,1.52E-01,1.3272338
1305,3.94E-01,9.60E-01,1.0941681
1306,-2.73E-01,-9.80E-01,0.93980443
1307,-1.92E-01,4.75E-01,1.514135
1308,3.54E-01,-7.07E-02,1.3404924
1309,-6.97E-01,2.12E-01,0.9777118
1310,-1.72E-01,-8.18E-01,0.5725458
1311,-4.95E-01,-4.55E-01,1.2070279
1312,2.73E-01,8.38E-01,0.50937814
1313,7.98E-01,-4.95E-01,0.57765204
1314,6.97E-01,-9.60E-01,1.427776
1315,-6.97E-01,1.01E-02,1.1157782
1316,-9.60E-01,-1.00E+00,0.538249
1317,9.19E-01,8.79E-01,0.8327622
1318,-5.15E-01,-1.92E-01,1.4951581
1319,-3.33E-01,2.12E-01,1.4139346
1320,-4.34E-01,1.00E+00,1.3728912
1321,-5.35E-01,7.17E-01,0.5097405
1322,-3.03E-02,-4.34E-01,1.4488702
1323,4.14E-01,-6.16E-01,0.90595603
1324,1.31E-01,-3.33E-01,1.3378375
1325,2.73E-01,1.72E-01,1.2894033
1326,9.39E-01,-9.39E-01,0.532853
1327,-2.93E-01,-8.18E-01,0.51690197
1328,9.39E-01,2.12E-01,0.6490191
1329,8.38E-01,-5.96E-01,1.0128435
1330,2.53E-01,9.19E-01,0.6402423
1331,1.11E-01,6.36E-01,1.3058668
1332,-1.11E-01,-1.52E-01,1.1082561
1333,2.93E-01,-4.55E-01,1.4848939
1334,-1.00E+00,2.73E-01,1.0581974
1335,4.34E-01,9.09E-02,1.4548706
1336,6.36E-01,-6.16E-01,0.50116885
1337,9.39E-01,-1.01E-02,0.56503665
1338,7.58E-01,3.03E-02,0.84949327
1339,7.98E-01,5.56E-01,0.71920764
1340,-7.37E-01,-4.14E-01,0.54693335
1341,-1.31E-01,9.39E-01,0.61628234
1342,8.99E-01,2.73E-01,0.57472
1343,-8.79E-01,-4.55E-01,0.802168
1344,-1.11E-01,8.38E-01,0.5500192
1345,-1.11E-01,-7.17E-01,0.9911107
1346,6.36E-01,5.96E-01,0.5097668
1347,5.35E-01,-9.60E-01,1.3999099
1348,-5.05E-02,-7.17E-01,1.020414
1349,1.00E+00,6.77E-01,1.3138661
1350,6.57E-01,-5.05E-02,1.2560297
1351,7.78E-01,-7.37E-01,1.2753654
1352,-7.37E-01,6.36E-01,0.7284881
1353,3.13E-01,9.39E-01,0.81007075
1354,-7.07E-02,-7.98E-01,0.6777226
1355,7.17E-01,3.33E-01,0.7114419
1356,3.74E-01,-4.55E-01,1.4296917
1357,-7.98E-01,9.39E-01,1.1272522
1358,7.78E-01,7.98E-01,1.4721084
1359,3.13E-01,1.92E-01,1.3582996
1360,-4.34E-01,5.15E-01,1.2056819
1361,-1.92E-01,9.39E-01,0.6547072
1362,5.05E-02,-7.98E-01,0.6821797
1363,4.14E-01,3.54E-01,1.4928136
1364,3.94E-01,-3.03E-02,1.3915148
1365,-7.07E-02,-6.57E-01,1.2501755
1366,7.98E-01,-8.99E-01,1.3535867
1367,-1.01E-02,-4.14E-01,1.4227533
1368,-6.16E-01,5.15E-01,0.66109574
1369,1.01E-02,-9.09E-02,1.0276132
1370,7.78E-01,1.92E-01,0.67558014
1371,-1.52E-01,9.39E-01,0.6273085
1372,2.32E-01,-2.93E-01,1.3601313
1373,-5.35E-01,-5.56E-01,0.7840891
1374,-6.97E-01,-7.37E-01,0.94979775
1375,-6.16E-01,5.35E-01,0.6180085
1376,5.96E-01,6.77E-01,0.51738846
1377,3.13E-01,4.14E-01,1.5056521
1378,2.53E-01,7.58E-01,0.678785
1379,8.18E-01,-4.95E-01,0.6343684
1380,8.99E-01,-5.15E-01,1.0520833
1381,1.72E-01,2.32E-01,1.242008
1382,1.72E-01,3.33E-01,1.3775737
1383,2.12E-01,5.56E-01,1.4337549
1384,1.92E-01,-3.74E-01,1.4262861
1385,-7.98E-01,-1.92E-01,0.6103748
1386,6.77E-01,5.96E-01,0.5156822
1387,2.32E-01,-4.75E-01,1.4912797
1388,9.60E-01,-8.79E-01,0.66436136
1389,-1.01E-02,5.76E-01,1.4690317
1390,1.92E-01,-7.58E-01,0.74549043
1391,9.09E-02,3.13E-01,1.3033605
1392,6.16E-01,-7.37E-01,0.6612439
1393,3.74E-01,-6.97E-01,0.7040123
1394,-5.76E-01,-4.95E-01,0.83564544
1395,9.60E-01,-2.53E-01,0.7829865
1396,-9.80E-01,-4.55E-01,1.3167554
1397,-1.92E-01,-4.95E-01,1.4991386
1398,-6.97E-01,4.55E-01,0.57260257
1399,5.35E-01,-7.37E-01,0.52166426
1400,-1.01E-02,-8.18E-01,0.62139845
1401,2.93E-01,-4.95E-01,1.4521686
1402,-9.80E-01,-1.11E-01,0.7670161
1403,-1.92E-01,9.80E-01,0.84698987
1404,2.32E-01,3.33E-01,1.4208192
1405,-9.09E-02,6.36E-01,1.3176131
1406,8.38E-01,2.53E-01,0.5060606
1407,5.76E-01,-1.00E+00,1.5030792
1408,8.59E-01,7.37E-01,1.5020114
1409,2.12E-01,6.36E-01,1.2176527
1410,4.75E-01,6.97E-01,0.5477844
1411,2.53E-01,7.78E-01,0.6157241
1412,8.99E-01,6.36E-01,1.4232126
1413,-8.79E-01,-9.60E-01,0.65407133
1414,1.92E-01,9.60E-01,0.7498425
1415,-6.16E-01,8.79E-01,1.2994281
1416,7.17E-01,3.03E-02,1.0277506
1417,5.76E-01,-4.34E-01,0.99878645
1418,2.12E-01,4.55E-01,1.5075768
1419,-7.78E-01,-7.58E-01,1.356444
1420,-9.39E-01,4.34E-01,1.0574507
1421,9.09E-02,1.11E-01,1.0658975
1422,-3.54E-01,-5.56E-01,1.255191
1423,2.12E-01,-7.17E-01,0.88866746
1424,7.78E-01,-5.96E-01,0.7440237
1425,-2.53E-01,6.16E-01,1.2366256
1426,-7.17E-01,5.35E-01,0.5084286
1427,-2.12E-01,1.00E+00,0.9836738
1428,8.38E-01,-4.55E-01,0.6227344
1429,3.33E-01,1.52E-01,1.3547275
1430,-6.36E-01,-5.15E-01,0.61297846
1431,-5.96E-01,8.38E-01,1.0368521
1432,7.58E-01,2.73E-01,0.65819293
1433,2.53E-01,7.98E-01,0.5650687
1434,-3.33E-01,5.05E-02,1.323564
1435,-6.57E-01,-6.36E-01,0.5355291
1436,-8.38E-01,6.36E-01,1.1772578
1437,-8.38E-01,2.73E-01,0.50530535
1438,-9.80E-01,1.31E-01,0.7794278
1439,-1.31E-01,-3.94E-01,1.4276426
1440,-5.35E-01,1.31E-01,1.4969991
1441,-2.93E-01,3.94E-01,1.5102948
1442,-4.34E-01,-1.52E-01,1.4856409
1443,4.95E-01,1.52E-01,1.4971317
1444,-1.01E-02,1.01E-02,1.0066737
1445,7.17E-01,7.17E-01,0.95534265
1446,7.07E-02,-9.19E-01,0.53919977
1447,-2.53E-01,1.92E-01,1.2951168
1448,-5.56E-01,-1.72E-01,1.457201
1449,8.79E-01,-7.17E-01,1.49966
1450,-2.53E-01,-6.16E-01,1.2318316
1451,8.59E-01,2.12E-01,0.50189984
1452,-9.60E-01,-4.55E-01,1.2210387
1453,-9.60E-01,4.34E-01,1.1712638
1454,7.07E-02,-4.95E-01,1.4946262
1455,-5.35E-01,-7.98E-01,0.6699425
1456,-7.07E-02,8.59E-01,0.52356637
1457,-9.39E-01,3.54E-01,0.8695022
1458,-2.93E-01,-7.98E-01,0.54171157
1459,6.97E-01,4.55E-01,0.5731428
1460,1.31E-01,3.33E-01,1.3526592
1461,8.79E-01,-7.37E-01,1.5073644
1462,8.18E-01,-1.92E-01,0.5576267
1463,9.19E-01,-4.75E-01,1.0387412
1464,-4.75E-01,-1.01E-02,1.4989196
1465,3.33E-01,-1.00E+00,1.1569161
1466,-3.13E-01,5.15E-01,1.4213622
1467,-7.37E-01,5.05E-02,0.93486214
1468,6.77E-01,2.73E-01,0.9701495
1469,3.94E-01,-8.99E-01,0.7504039
1470,-7.58E-01,9.09E-02,0.8261969
1471,9.80E-01,-1.31E-01,0.7573844
1472,-4.14E-01,-8.99E-01,0.79810363
1473,6.57E-01,6.57E-01,0.5664362
1474,5.15E-01,-5.96E-01,0.7135085
1475,-2.73E-01,8.99E-01,0.5901865
1476,-8.79E-01,-1.31E-01,0.50620735
1477,9.60E-01,4.55E-01,1.2156433
1478,8.99E-01,5.05E-02,0.50332624
1479,-9.60E-01,2.93E-01,0.86675537
1480,5.56E-01,8.79E-01,1.116417
1481,-5.96E-01,4.34E-01,0.93407977
1482,-3.33E-01,-5.76E-01,1.2333434
1483,2.53E-01,-1.92E-01,1.2733675
1484,-7.98E-01,-7.07E-02,0.676221
1485,-2.73E-01,-1.00E+00,1.052985
1486,-3.54E-01,-4.55E-01,1.4612461
1487,-8.18E-01,-1.31E-01,0.5892896
1488,6.77E-01,-4.14E-01,0.6944469
1489,-9.09E-02,1.11E-01,1.0707705
1490,-6.57E-01,-1.11E-01,1.2352062
1491,7.07E-02,-7.17E-01,1.0114167
1492,-4.75E-01,5.05E-02,1.5011908
1493,-3.13E-01,2.73E-01,1.4423821
1494,1.11E-01,-1.72E-01,1.1199411
1495,5.76E-01,3.74E-01,1.1504025
1496,-7.78E-01,2.12E-01,0.6551858
1497,3.03E-02,-5.05E-02,1.0136434
1498,1.11E-01,6.57E-01,1.2349702
1499,8.18E-01,-2.12E-01,0.54669577
1500,-4.55E-01,-3.03E-02,1.4839646
1501,7.17E-01,5.96E-01,0.5725551
1502,1.92E-01,2.32E-01,1.260186
1503,4.75E-01,8.79E-01,0.86866987
1504,-1.11E-01,6.57E-01,1.236668
1505,4.55E-01,8.79E-01,0.8163539
1506,5.15E-01,8.99E-01,1.0905272
1507,3.74E-01,2.32E-01,1.4567709
1508,2.73E-01,4.34E-01,1.5071458
1509,4.14E-01,-4.75E-01,1.3365878
1510,3.54E-01,-9.09E-02,1.3470451
1511,-2.93E-01,8.38E-01,0.50812674
1512,-5.76E-01,5.35E-01,0.7237098
1513,-9.60E-01,-7.07E-02,0.65968037
1514,8.99E-01,7.17E-01,1.505478
1515,8.38E-01,5.96E-01,1.0307165
1516,-7.07E-02,-9.39E-01,0.5875424
1517,9.09E-02,9.09E-02,1.0535462
1518,8.59E-01,1.11E-01,0.5144061
1519,-3.74E-01,-1.52E-01,1.4210727
1520,5.15E-01,-5.05E-02,1.4928356
1521,-7.78E-01,-5.05E-02,0.7588647
1522,1.11E-01,1.52E-01,1.1093129
1523,7.78E-01,-9.39E-01,1.2513016
1524,5.76E-01,9.09E-02,1.4454887
1525,-8.18E-01,1.00E+00,0.7067151
1526,7.98E-01,1.52E-01,0.63841337
1527,-7.58E-01,-9.80E-01,1.0958886
1528,1.31E-01,-7.78E-01,0.7199651
1529,5.96E-01,3.03E-02,1.4214648
1530,2.32E-01,-6.57E-01,1.1069632
1531,-8.59E-01,-2.93E-01,0.5200828
1532,-9.19E-01,-4.75E-01,1.059501
1533,-7.07E-02,9.09E-02,1.0484337
1534,6.36E-01,2.93E-01,1.0973006
1535,-4.75E-01,-7.07E-02,1.5012765
1536,-4.34E-01,-1.00E+00,1.3572512
1537,-4.55E-01,8.38E-01,0.64126337
1538,4.14E-01,1.92E-01,1.4709631
1539,-1.92E-01,-1.00E+00,0.94042003
1540,-2.93E-01,3.54E-01,1.4907151
1541,9.39E-01,-8.18E-01,1.0712019
1542,-7.58E-01,9.19E-01,1.380708
1543,-8.79E-01,-8.18E-01,1.3379071
1544,-4.75E-01,-7.58E-01,0.5124973
1545,-8.38E-01,-7.17E-01,1.4235998
1546,1.00E+00,-7.37E-01,1.1024413
1547,-5.76E-01,-4.14E-01,1.0568937
1548,-7.78E-01,1.01E-02,0.7653268
1549,2.12E-01,-7.78E-01,0.65448546
1550,-1.92E-01,2.93E-01,1.346888
1551,-1.72E-01,-7.78E-01,0.69269073
1552,8.18E-01,2.53E-01,0.5274576
1553,-7.58E-01,-7.58E-01,1.2863903
1554,7.58E-01,-2.32E-01,0.70451045
1555,-1.92E-01,3.13E-01,1.3731723
1556,6.77E-01,7.98E-01,1.155952
1557,-1.52E-01,-1.52E-01,1.1401277
1558,8.59E-01,-1.92E-01,0.5012336
1559,-1.11E-01,6.16E-01,1.3659233
1560,8.18E-01,3.74E-01,0.5079606
1561,5.96E-01,-7.07E-02,1.4134263
1562,5.05E-02,4.75E-01,1.5008519
1563,-9.19E-01,1.31E-01,0.55184853
1564,-4.55E-01,-3.54E-01,1.462876
1565,2.53E-01,8.18E-01,0.5294968
1566,5.05E-02,-7.17E-01,1.0191754
1567,5.05E-02,-4.55E-01,1.469978
1568,4.34E-01,-2.53E-01,1.4896611
1569,6.97E-01,4.75E-01,0.5477098
1570,7.98E-01,-9.09E-02,0.66995806
1571,7.07E-02,2.93E-01,1.2653662
1572,-5.56E-01,5.35E-01,0.7830266
1573,-3.33E-01,7.17E-01,0.71073884
1574,-1.31E-01,9.09E-02,1.0853313
1575,5.96E-01,5.56E-01,0.62003326
1576,6.77E-01,-7.17E-01,0.77962875
1577,7.17E-01,-5.76E-01,0.5339744
1578,6.36E-01,7.58E-01,0.8169861
1579,4.95E-01,-2.12E-01,1.4854283
1580,-2.12E-01,-6.16E-01,1.2819206
1581,-2.93E-01,-5.76E-01,1.2985089
1582,-5.96E-01,-2.73E-01,1.270383
1583,-9.39E-01,2.12E-01,0.66231215
1584,8.59E-01,-8.18E-01,1.4284452
1585,4.55E-01,-8.59E-01,0.7082746
1586,8.18E-01,1.31E-01,0.5898609
1587,8.99E-01,-5.35E-01,1.1146313
1588,7.78E-01,6.97E-01,1.1388074
1589,1.92E-01,6.16E-01,1.3054584
1590,6.16E-01,-2.53E-01,1.2266687
1591,4.95E-01,-6.57E-01,0.59549063
1592,8.59E-01,-5.96E-01,1.1163507
1593,4.95E-01,2.93E-01,1.4598716
1594,5.05E-02,-3.54E-01,1.3393061
1595,-4.55E-01,-4.55E-01,1.3072882
1596,-2.93E-01,-3.54E-01,1.4807774
1597,2.93E-01,6.77E-01,0.9327898
1598,-1.00E+00,1.52E-01,0.90363955
1599,6.36E-01,9.09E-02,1.3100373
1600,2.93E-01,-7.58E-01,0.63112
1601,9.09E-02,8.38E-01,0.5547528
1602,1.31E-01,4.14E-01,1.4602662
1603,8.59E-01,-5.05E-02,0.5212985
1604,-5.76E-01,1.01E-02,1.4678355
1605,7.98E-01,-4.55E-01,0.5284799
1606,2.32E-01,6.16E-01,1.2610943
1607,6.77E-01,-2.93E-01,0.93219936
1608,-5.96E-01,1.01E-02,1.4340762
1609,2.73E-01,2.53E-01,1.3689066
1610,7.98E-01,-1.31E-01,0.64992964
1611,-7.98E-01,-9.39E-01,1.1403733
1612,-3.74E-01,3.13E-01,1.5086907
1613,1.92E-01,-3.94E-01,1.447515
1614,9.09E-02,5.76E-01,1.4570645
1615,-5.96E-01,9.09E-02,1.4204756
1616,2.73E-01,3.94E-01,1.4964503
1617,-3.54E-01,9.19E-01,0.7785009
1618,-3.54E-01,-1.72E-01,1.4063194
1619,6.36E-01,-1.01E-02,1.3279451
1620,5.35E-01,1.92E-01,1.4670227
1621,-7.58E-01,9.60E-01,1.1924791
1622,1.11E-01,4.14E-01,1.4541765
1623,7.37E-01,8.99E-01,1.4837441
1624,-8.38E-01,1.01E-02,0.56516397
1625,-2.53E-01,-7.78E-01,0.61979115
1626,-6.36E-01,-7.58E-01,0.80856144
1627,9.80E-01,1.72E-01,0.79491603
1628,-2.93E-01,-1.92E-01,1.3397269
1629,4.95E-01,9.39E-01,1.239916
1630,-2.12E-01,-3.33E-01,1.40262
1631,2.32E-01,1.11E-01,1.1906742
1632,3.03E-02,-4.55E-01,1.4688392
1633,-4.14E-01,-7.37E-01,0.5487597
1634,-1.52E-01,-6.16E-01,1.3342333
1635,3.54E-01,7.07E-02,1.3439039
1636,3.54E-01,-9.80E-01,1.0874978
1637,2.32E-01,5.15E-01,1.4796726
1638,1.31E-01,-1.72E-01,1.1330678
1639,6.16E-01,-5.15E-01,0.6578846
1640,6.57E-01,4.55E-01,0.67549133
1641,-7.37E-01,2.53E-01,0.7568338
1642,7.37E-01,6.16E-01,0.6706859
1643,-6.97E-01,4.75E-01,0.54731184
1644,-4.14E-01,3.94E-01,1.4751958
1645,4.14E-01,9.60E-01,1.1420907
1646,-1.01E-02,4.34E-01,1.4629736
1647,8.99E-01,6.57E-01,1.4642509
1648,7.58E-01,2.93E-01,0.6341318
1649,-2.12E-01,5.15E-01,1.4929194
1650,3.54E-01,-1.11E-01,1.3551456
1651,9.39E-01,-6.16E-01,1.4775558
1652,-5.15E-01,7.98E-01,0.6282637
1653,9.80E-01,-3.94E-01,1.1606791
1654,3.03E-02,3.54E-01,1.3514128
1655,-5.96E-01,-1.00E+00,1.4818761
1656,3.13E-01,1.01E-02,1.2686924
1657,-5.96E-01,-9.19E-01,1.3898462
1658,-2.93E-01,7.78E-01,0.57931435
1659,2.93E-01,-9.80E-01,0.9701822
1660,8.79E-01,2.93E-01,0.54369307
1661,-6.77E-01,-5.96E-01,0.5182891
1662,1.31E-01,-4.95E-01,1.4952272
1663,5.05E-02,-7.78E-01,0.75836015
1664,6.57E-01,-6.57E-01,0.5566288
1665,-4.34E-01,3.13E-01,1.5082096
1666,-5.35E-01,-5.96E-01,0.6704272
1667,5.96E-01,1.11E-01,1.4034312
1668,-7.58E-01,3.74E-01,0.5450134
1669,3.94E-01,7.98E-01,0.50998366
1670,-2.12E-01,3.74E-01,1.4603587
1671,9.09E-02,7.78E-01,0.74256444
1672,-8.38E-01,-4.75E-01,0.67790484
1673,8.59E-01,3.74E-01,0.5727966
1674,-3.13E-01,-5.35E-01,1.3742818
1675,-3.94E-01,5.15E-01,1.2955648
1676,9.39E-01,-2.93E-01,0.7400001
1677,-6.36E-01,-7.07E-02,1.323954
1678,3.54E-01,-5.05E-02,1.3356147
1679,-1.52E-01,1.92E-01,1.1861968
1680,-1.52E-01,1.72E-01,1.165515
1681,9.80E-01,6.77E-01,1.399191
1682,-3.33E-01,4.14E-01,1.5103573
1683,-9.09E-02,-8.99E-01,0.5157248
1684,3.03E-02,1.72E-01,1.0979037
1685,-6.97E-01,-1.72E-01,1.0250263
1686,-5.76E-01,-1.11E-01,1.4503738
1687,-6.36E-01,-8.59E-01,1.2657915
1688,-3.54E-01,-4.34E-01,1.4817476
1689,-5.56E-01,2.73E-01,1.3811417
1690,-5.15E-01,3.94E-01,1.2950917
1691,1.00E+00,-5.05E-02,0.8209106
1692,1.31E-01,-5.05E-02,1.0580456
1693,-4.55E-01,7.78E-01,0.5152662
1694,-5.35E-01,-3.74E-01,1.2779962
1695,6.97E-01,1.00E+00,1.2174472
1696,3.94E-01,5.56E-01,1.1710361
1697,8.59E-01,-8.99E-01,1.0814439
1698,-1.00E+00,-9.60E-01,0.5398083
1699,-8.59E-01,-5.76E-01,1.0645798
1700,2.73E-01,-3.33E-01,1.4373175
1701,9.39E-01,8.18E-01,1.0352178
1702,5.15E-01,-3.33E-01,1.380576
1703,6.97E-01,6.77E-01,0.7235832
1704,4.34E-01,-7.17E-01,0.5574353
1705,3.74E-01,7.37E-01,0.5891627
1706,4.95E-01,1.00E+00,1.472516
1707,-7.07E-02,-6.36E-01,1.3177176
1708,-2.93E-01,-1.11E-01,1.2833047
1709,-8.79E-01,4.34E-01,0.7519345
1710,2.53E-01,-7.78E-01,0.61553776
1711,-6.77E-01,4.14E-01,0.69665253
1712,1.52E-01,1.00E+00,0.9235058
1713,-5.76E-01,7.37E-01,0.581821
1714,-3.13E-01,-2.32E-01,1.3990132
1715,4.75E-01,-7.17E-01,0.5182851
1716,1.11E-01,9.60E-01,0.68930304
1717,4.75E-01,-4.75E-01,1.200205
1718,-5.15E-01,-8.18E-01,0.69378114
1719,6.16E-01,4.95E-01,0.70759535
1720,1.52E-01,6.16E-01,1.339195
1721,1.72E-01,1.52E-01,1.1565039
1722,-4.95E-01,-5.35E-01,0.9705422
1723,-3.03E-02,5.35E-01,1.5074326
1724,8.38E-01,5.76E-01,0.9596889
1725,9.60E-01,8.38E-01,0.81868285
1726,9.39E-01,-3.74E-01,0.88926744
1727,1.01E-02,-3.54E-01,1.3350506
1728,-7.37E-01,1.11E-01,0.90509963
1729,-1.31E-01,-4.34E-01,1.470556
1730,6.36E-01,1.92E-01,1.2379763
1731,-5.35E-01,1.52E-01,1.4922856
1732,-9.19E-01,-1.52E-01,0.56071615
1733,-5.35E-01,4.95E-01,0.9711242
1734,-4.14E-01,-8.38E-01,0.57714516
1735,7.17E-01,9.39E-01,1.4245422
1736,7.98E-01,4.95E-01,0.5861685
1737,-3.74E-01,-5.96E-01,1.081661
1738,7.07E-02,9.60E-01,0.6723695
1739,-1.92E-01,-3.54E-01,1.4129943
1740,1.52E-01,-7.37E-01,0.869707
1741,-4.14E-01,-1.00E+00,1.3192096
1742,7.37E-01,-2.73E-01,0.7290757
1743,-5.15E-01,8.79E-01,0.9759151
1744,5.56E-01,9.39E-01,1.3916188
1745,1.01E-02,8.59E-01,0.52734613
1746,-6.57E-01,7.78E-01,0.97729266
1747,-2.32E-01,8.18E-01,0.5395052
1748,9.09E-02,6.77E-01,1.1715103
1749,-5.35E-01,-6.57E-01,0.54341376
1750,1.92E-01,6.97E-01,1.0008516
1751,-3.74E-01,-2.93E-01,1.4945871
1752,5.76E-01,-7.37E-01,0.57424474
1753,-1.01E-02,4.14E-01,1.4384224
1754,2.73E-01,-5.76E-01,1.3179889
1755,-8.99E-01,-6.97E-01,1.4962531
1756,-8.18E-01,-5.56E-01,0.8039236
1757,8.38E-01,7.17E-01,1.4342232
1758,-4.34E-01,5.96E-01,0.93454504
1759,8.79E-01,-2.12E-01,0.5055055
1760,-2.53E-01,-5.05E-02,1.2011987
1761,-5.35E-01,8.18E-01,0.7474467
1762,1.00E+00,-1.01E-02,0.8145336
1763,3.94E-01,4.95E-01,1.3392997
1764,6.57E-01,6.16E-01,0.5147915
1765,-9.19E-01,-8.18E-01,1.151612
1766,1.52E-01,-1.72E-01,1.1491565
1767,-1.01E-02,5.05E-02,1.0148269
1768,3.03E-02,-6.97E-01,1.108615
1769,-4.34E-01,-3.03E-02,1.4626869
1770,-4.95E-01,-4.34E-01,1.2581853
1771,-1.72E-01,4.95E-01,1.5126374
1772,-9.19E-01,5.15E-01,1.1773317
1773,-1.52E-01,-8.79E-01,0.5096304
1774,2.73E-01,-9.19E-01,0.6466063
1775,1.01E-02,-9.39E-01,0.57938975
1776,2.73E-01,-9.80E-01,0.9367398
1777,-4.14E-01,5.96E-01,0.986609
1778,-1.72E-01,-7.07E-02,1.1091536
1779,5.15E-01,1.01E-02,1.4939637
1780,-3.94E-01,-6.77E-01,0.73912895
1781,3.03E-02,-2.93E-01,1.2425535
1782,8.99E-01,-3.54E-01,0.6655817
1783,3.03E-02,9.60E-01,0.6630325
1784,7.98E-01,-9.19E-01,1.2657636
1785,8.79E-01,4.55E-01,0.79403794
1786,8.18E-01,-2.53E-01,0.525288
1787,9.80E-01,-7.78E-01,1.030416
1788,8.99E-01,1.92E-01,0.5265519
1789,-8.79E-01,-3.74E-01,0.64155686
1790,-7.07E-02,-3.13E-01,1.2858119
1791,-4.75E-01,-4.95E-01,1.1534622
1792,-7.17E-01,-2.73E-01,0.80689967
1793,-2.73E-01,-6.36E-01,1.1309553
1794,-4.14E-01,5.76E-01,1.0584728
1795,6.77E-01,-5.15E-01,0.53061545
1796,-1.01E-02,-4.55E-01,1.4689933
1797,5.96E-01,-2.73E-01,1.2617819
1798,9.60E-01,-6.16E-01,1.5049586
1799,7.17E-01,5.05E-02,1.0228734
1800,1.92E-01,-6.36E-01,1.2326205
1801,3.03E-02,-1.11E-01,1.0408126
1802,-1.00E+00,3.54E-01,1.2067596
1803,9.39E-01,-3.94E-01,0.93468547
1804,-6.16E-01,2.73E-01,1.2060126
1805,-8.99E-01,-3.13E-01,0.6268092
1806,8.38E-01,9.39E-01,0.92492294
1807,1.00E+00,-9.19E-01,0.46786335
1808,2.93E-01,3.13E-01,1.4480828
1809,2.12E-01,-9.80E-01,0.8514415
1810,1.92E-01,-7.37E-01,0.829393
1811,7.07E-02,-5.05E-02,1.0243945
1812,2.53E-01,9.80E-01,0.9322183
1813,-7.58E-01,-7.37E-01,1.2052895
1814,-2.12E-01,-5.35E-01,1.46095
1815,3.94E-01,-5.76E-01,1.0978161
1816,-8.59E-01,-6.57E-01,1.3324231
1817,-1.31E-01,8.79E-01,0.5090259
1818,-3.33E-01,-2.93E-01,1.4671026
1819,4.14E-01,6.16E-01,0.9098362
1820,-9.80E-01,1.00E+00,0.650732
1821,4.95E-01,-5.35E-01,0.9635968
1822,-1.31E-01,5.05E-02,1.067793
1823,-4.55E-01,-4.14E-01,1.3869572
1824,1.72E-01,8.59E-01,0.5113551
1825,2.12E-01,-9.09E-02,1.1504115
1826,-3.03E-02,-9.09E-02,1.0311439
1827,7.17E-01,-8.18E-01,1.3575914
1828,-3.03E-02,4.75E-01,1.5009838
1829,9.60E-01,9.80E-01,0.51702636
1830,8.38E-01,-9.60E-01,0.8480494
1831,-7.17E-01,-9.19E-01,1.4752353
1832,9.60E-01,-5.05E-02,0.6364664
1833,1.00E+00,5.96E-01,1.4916685
1834,-5.96E-01,-9.80E-01,1.4985409
1835,-4.14E-01,1.01E-02,1.4377452
1836,9.39E-01,-3.13E-01,0.7715969
1837,6.36E-01,-2.32E-01,1.1869355
1838,-8.59E-01,1.00E+00,0.5775039
1839,2.53E-01,-4.95E-01,1.4748032
1840,-7.58E-01,8.38E-01,1.494646
1841,1.11E-01,-1.00E+00,0.8673636
1842,-7.07E-02,2.73E-01,1.2389325
1843,8.99E-01,1.52E-01,0.5148386
1844,-6.36E-01,8.38E-01,1.1808571
1845,-1.92E-01,2.53E-01,1.2952307
1846,-1.72E-01,6.36E-01,1.262944
1847,-3.74E-01,1.11E-01,1.4060956
1848,-5.56E-01,9.60E-01,1.4493014
1849,-5.05E-02,-3.03E-02,1.0163811
1850,-4.34E-01,2.53E-01,1.5127162
1851,7.07E-02,-4.14E-01,1.4282982
1852,-9.19E-01,9.19E-01,0.6623846
1853,-8.18E-01,4.55E-01,0.57868224
1854,1.00E+00,2.12E-01,0.9498706
1855,3.03E-02,6.97E-01,1.1130248
1856,-9.80E-01,8.18E-01,0.8087815
1857,-7.78E-01,3.74E-01,0.51712966
1858,1.52E-01,-7.07E-02,1.081254
1859,-1.92E-01,8.18E-01,0.5598659
1860,-7.98E-01,-9.19E-01,1.2429671
1861,2.12E-01,-1.72E-01,1.2071848
1862,8.79E-01,1.01E-02,0.50293213
1863,7.58E-01,-8.38E-01,1.4938627
1864,9.39E-01,-8.38E-01,0.9697472
1865,-6.57E-01,4.75E-01,0.6350259
1866,-3.94E-01,-4.75E-01,1.3814365
1867,-4.14E-01,1.00E+00,1.3358862
1868,1.52E-01,-2.32E-01,1.2143137
1869,9.39E-01,-1.31E-01,0.59153396
1870,6.77E-01,8.79E-01,1.4592539
1871,-5.76E-01,4.14E-01,1.057958
1872,-8.38E-01,9.60E-01,0.8199657
1873,2.73E-01,3.33E-01,1.4512753
1874,-3.13E-01,2.53E-01,1.4250616
1875,9.19E-01,-3.03E-02,0.52340925
1876,-5.35E-01,2.12E-01,1.4693277
1877,9.19E-01,-5.56E-01,1.276788
1878,-2.32E-01,4.75E-01,1.5114495
1879,-4.55E-01,7.98E-01,0.5404086
1880,-5.35E-01,1.72E-01,1.4863893
1881,-9.19E-01,3.54E-01,0.76974416
1882,2.53E-01,-1.11E-01,1.2118806
1883,-1.01E-02,4.75E-01,1.5001708
1884,-3.03E-02,1.11E-01,1.047819
1885,1.11E-01,-9.19E-01,0.5469265
1886,9.09E-02,6.36E-01,1.3161501
1887,-6.77E-01,3.74E-01,0.7775804
1888,-6.77E-01,-6.16E-01,0.5369496
1889,2.32E-01,1.00E+00,1.0169778
1890,-5.35E-01,2.32E-01,1.4575548
1891,-4.75E-01,-9.09E-02,1.5028466
1892,-5.05E-02,7.17E-01,1.0229194
1893,-3.33E-01,6.16E-01,1.0990486
1894,-4.75E-01,5.56E-01,0.96071064
1895,4.55E-01,-3.03E-02,1.4641763
1896,4.34E-01,2.73E-01,1.500903
1897,9.80E-01,-7.17E-01,1.2940034
1898,1.11E-01,3.13E-01,1.312529
1899,-4.95E-01,6.97E-01,0.5280592
1900,8.38E-01,4.34E-01,0.59660375
1901,-2.12E-01,-4.34E-01,1.4946259
1902,-6.57E-01,9.39E-01,1.501201
1903,5.96E-01,-2.12E-01,1.3337526
1904,5.15E-01,-2.93E-01,1.4239403
1905,3.94E-01,7.58E-01,0.5303266
1906,5.05E-02,9.19E-01,0.5429703
1907,2.53E-01,-7.37E-01,0.75422347
1908,-3.54E-01,2.73E-01,1.4788922
1909,4.55E-01,5.56E-01,1.014693
1910,-4.75E-01,-2.32E-01,1.5061985
1911,7.17E-01,-9.80E-01,1.286011
1912,-1.31E-01,5.96E-01,1.4054548
1913,-4.14E-01,-3.33E-01,1.5036055
1914,-8.18E-01,5.15E-01,0.69238913
1915,4.14E-01,6.97E-01,0.63523185
1916,-5.15E-01,1.72E-01,1.5030209
1917,5.15E-01,-8.38E-01,0.76525724
1918,7.37E-01,3.13E-01,0.6744261
1919,-4.95E-01,4.75E-01,1.1557816
1920,7.78E-01,-2.73E-01,0.5962919
1921,3.74E-01,9.09E-02,1.3801597
1922,-8.59E-01,-5.96E-01,1.132953
1923,8.99E-01,-7.37E-01,1.495539
1924,6.57E-01,-8.59E-01,1.3261929
1925,2.93E-01,-2.93E-01,1.4168164
1926,-2.73E-01,-5.35E-01,1.4182378
1927,-4.34E-01,-6.97E-01,0.60719943
1928,-4.75E-01,6.77E-01,0.5869671
1929,-3.94E-01,-7.58E-01,0.5335346
1930,8.79E-01,-5.15E-01,0.948671
1931,-8.38E-01,-9.60E-01,0.8305514
1932,-2.12E-01,6.16E-01,1.2878195
1933,9.09E-02,-8.38E-01,0.5555004
1934,-7.58E-01,1.01E-02,0.8499563
1935,-8.99E-01,-4.75E-01,0.9541149
1936,-9.60E-01,-8.38E-01,0.8294227
1937,-1.72E-01,6.57E-01,1.1877522
1938,8.18E-01,6.97E-01,1.3091259
1939,-4.95E-01,4.34E-01,1.2612365
1940,-7.78E-01,5.05E-02,0.7587017
1941,4.14E-01,7.07E-02,1.4272548
1942,1.52E-01,-5.15E-01,1.4896632
1943,2.32E-01,-9.39E-01,0.67966616
1944,-3.94E-01,-2.73E-01,1.4976609
1945,5.56E-01,-5.35E-01,0.7782389
1946,-1.52E-01,-3.94E-01,1.4372536
1947,3.54E-01,-5.76E-01,1.1851581
1948,-7.78E-01,1.72E-01,0.6902152
1949,-4.34E-01,9.60E-01,1.1811143
1950,6.77E-01,-3.54E-01,0.81572634
1951,1.52E-01,2.53E-01,1.2527221
1952,-1.52E-01,7.37E-01,0.87303066
1953,-4.55E-01,-1.92E-01,1.505894
1954,-4.75E-01,1.11E-01,1.5070398
1955,-3.74E-01,-3.33E-01,1.5053431
1956,-7.07E-02,3.94E-01,1.4206474
1957,8.59E-01,-3.03E-02,0.52283347
1958,2.93E-01,7.17E-01,0.77307737
1959,-9.39E-01,-5.76E-01,1.4147668
1960,8.99E-01,1.11E-01,0.50792986
1961,7.78E-01,-4.14E-01,0.50024587
1962,-3.74E-01,-9.39E-01,0.90943706
1963,8.79E-01,-3.94E-01,0.6561072
1964,1.31E-01,5.35E-01,1.4955344
1965,2.32E-01,-3.13E-01,1.3835937
1966,2.12E-01,-7.07E-02,1.1417041
1967,-2.32E-01,5.15E-01,1.4843636
1968,9.39E-01,8.59E-01,0.8280637
1969,6.77E-01,-2.73E-01,0.9667456
1970,2.73E-01,-2.93E-01,1.3983567
1971,-1.01E-02,-7.78E-01,0.76549673
1972,-5.05E-02,-6.57E-01,1.2563994
1973,-9.80E-01,-2.53E-01,0.9122704
1974,3.54E-01,-7.58E-01,0.5630256
1975,-1.11E-01,-9.09E-02,1.0666261
1976,3.33E-01,-6.36E-01,1.0144155
1977,-8.79E-01,1.92E-01,0.5096475
1978,-3.74E-01,2.53E-01,1.4830836
1979,-2.32E-01,1.92E-01,1.2693756
1980,2.53E-01,6.77E-01,1.0001936
1981,1.31E-01,7.17E-01,0.9762521
1982,8.38E-01,8.18E-01,1.4638562
1983,-1.11E-01,4.55E-01,1.4967132
1984,2.32E-01,-5.05E-02,1.159515
1985,-1.00E+00,-1.11E-01,0.87228775
1986,-9.80E-01,-2.12E-01,0.8569056
1987,7.07E-02,-8.99E-01,0.51304215
1988,3.13E-01,7.07E-02,1.2823707
1989,-5.76E-01,1.31E-01,1.4444965
1990,-4.95E-01,2.73E-01,1.4828134
1991,4.75E-01,5.35E-01,1.0278013
1992,8.18E-01,-6.57E-01,1.1428697
1993,-8.38E-01,5.56E-01,0.8955529
1994,1.52E-01,-9.19E-01,0.56000245
1995,2.32E-01,-5.15E-01,1.4661967
1996,5.56E-01,-9.60E-01,1.4388787
1997,-7.17E-01,5.76E-01,0.5417194
1998,-5.15E-01,2.32E-01,1.4832621
1999,4.95E-01,7.98E-01,0.59696674
2000,2.73E-01,-1.11E-01,1.2388228
