id,y
1,0.37789792
2,1.3035004
3,0.6245658
4,1.2029264
5,1.3679461
6,1.3138697
7,1.2998724
8,1.3147323
9,0.5664419
10,0.6545578
11,0.9532148
12,0.39029455
13,0.6810484
14,1.3718538
15,0.41814497
16,1.3398843
17,0.9309194
18,0.9408323
19,1.354383
20,0.45472324
21,0.88117105
22,1.0406091
23,1.2705858
24,1.3323228
25,0.7336187
26,0.36179042
27,1.1630623
28,0.5118302
29,1.1410743
30,0.5114933
31,0.8991839
32,1.2237146
33,1.278955
34,0.47394675
35,1.3296478
36,1.1831965
37,1.2873054
38,1.0949693
39,0.34473795
40,1.2407529
41,1.1304286
42,1.319406
43,1.3362749
44,0.7314623
45,1.1253448
46,1.1276813
47,1.3163216
48,0.53435284
49,1.191843
50,0.9845391
51,1.0931982
52,0.7821673
53,1.1228635
54,1.1594476
55,1.2100267
56,1.2926295
57,1.3407769
58,0.24682605
59,1.3665528
60,1.1420633
61,1.2778444
62,1.3003671
63,0.83722454
64,1.3365107
65,0.6971446
66,1.2491283
67,1.3826861
68,1.1457179
69,1.4041698
70,1.1084354
71,1.3620844
72,1.1847496
73,0.4873994
74,0.767231
75,1.3814564
76,1.2029071
77,0.50513184
78,1.300231
79,1.2913878
80,0.72037756
81,1.0860682
82,0.8772455
83,1.1849852
84,1.3150747
85,0.37072802
86,1.1739779
87,1.2718527
88,1.0378907
89,1.2108414
90,0.99606425
91,1.3168886
92,1.3711176
93,1.1589779
94,0.5412469
95,1.0838873
96,0.8425545
97,0.8587208
98,0.5012566
99,1.3076327
100,0.38393763
101,1.2375648
102,0.49163345
103,0.8521927
104,1.1381962
105,1.2190864
106,1.215224
107,1.320231
108,1.2609138
109,0.6856946
110,1.3742537
111,1.2202246
112,0.8115897
113,1.1708348
114,0.82925373
115,1.3138437
116,1.0787456
117,1.1583611
118,0.7396062
119,1.2837431
120,1.2098672
121,1.2198007
122,1.3823841
123,0.55648524
124,1.2054718
125,0.35047507
126,1.2468617
127,1.2348506
128,1.138413
129,0.3884527
130,0.57227325
131,0.63428175
132,0.37445283
133,0.9051964
134,0.6281587
135,0.7048096
136,0.45780027
137,1.1473236
138,0.51522595
139,0.81083274
140,1.0576694
141,0.82921106
142,1.2800372
143,1.2260625
144,1.0909925
145,0.93081665
146,1.2481985
147,1.2400386
148,1.3486187
149,0.96524566
150,0.3898388
151,0.57594705
152,0.7189638
153,0.581
154,0.5065193
155,1.1235902
156,1.2369266
157,1.2984006
158,1.3018694
159,0.97300434
160,0.842526
161,0.3561415
162,0.7358512
163,1.219152
164,1.243496
165,1.2241981
166,1.2053075
167,1.3369424
168,0.8057444
169,0.65413016
170,0.7004578
171,0.45453176
172,1.2193575
173,1.1442969
174,1.2788038
175,0.83685356
176,1.3670118
177,1.1650295
178,1.1779795
179,1.2499454
180,1.3465991
181,0.7406828
182,1.401902
183,1.1277809
184,0.45861527
185,0.44161212
186,1.2321186
187,1.0266192
188,1.2722864
189,0.7677888
190,1.1816602
191,0.67269063
192,1.1544847
193,0.6601193
194,0.6785573
195,0.74429137
196,0.4813759
197,1.356859
198,1.2486694
199,1.2910259
200,0.9815922
201,1.2348363
202,0.44058526
203,1.1558706
204,0.44041735
205,0.9087501
206,1.1077582
207,0.69954103
208,1.1172471
209,0.93591696
210,0.80207366
211,1.1385744
212,0.94978493
213,0.8488962
214,1.2422554
215,1.308049
216,1.0115783
217,1.2733285
218,1.2229211
219,1.0296903
220,1.2868288
221,1.0962255
222,1.3064489
223,0.4375856
224,0.41341907
225,1.1719136
226,0.821267
227,1.1147702
228,1.2778747
229,0.46473247
230,0.77596825
231,1.1607573
232,1.129854
233,0.39156467
234,1.1599435
235,0.635427
236,1.2162001
237,1.2222602
238,0.3561534
239,1.2167461
240,1.0353303
241,0.53032696
242,1.064399
243,0.7909605
244,0.6069387
245,0.36415893
246,1.2734616
247,1.2489715
248,0.97778213
249,1.3546851
250,1.3130066
251,0.92469954
252,1.3131351
253,1.3406384
254,1.1765285
255,0.40215784
256,1.2400632
257,0.7724538
258,1.2655711
259,0.94097114
260,1.3680105
261,0.46803758
262,1.128602
263,1.2693608
264,0.9848499
265,0.84358484
266,0.86267567
267,0.55122864
268,0.7981528
269,1.3827486
270,1.323803
271,1.134448
272,1.1046879
273,1.3412101
274,1.2041359
275,1.1014795
276,1.1656194
277,0.5086017
278,0.71403307
279,0.8791063
280,0.70084596
281,0.9812867
282,1.2320857
283,1.2503855
284,0.37064475
285,0.33758712
286,0.35485038
287,0.47039604
288,1.1135197
289,0.30636117
290,0.36005276
291,1.2715621
292,1.257813
293,1.1740301
294,0.39407396
295,0.41290325
296,1.3061378
297,1.3561149
298,1.2007008
299,0.7277124
300,1.2437868
301,0.97318006
302,0.41175556
303,1.162673
304,1.1034527
305,1.1546569
306,0.6942045
307,1.3423448
308,1.1647136
309,0.6090441
310,1.1603702
311,0.6469101
312,0.96464074
313,1.2488968
314,0.36478797
315,0.37439916
316,1.4061754
317,1.1271081
318,0.58517873
319,0.4768419
320,1.2432985
321,0.43881303
322,1.2312183
323,0.9661177
324,0.6576145
325,1.1428659
326,0.9192391
327,0.4565476
328,1.3190069
329,1.3866003
330,1.2474096
331,1.2956758
332,1.0560691
333,0.5547142
334,1.1835463
335,0.36562532
336,0.7056958
337,0.5331715
338,0.5672543
339,1.090211
340,1.273252
341,1.1717474
342,0.4569049
343,0.90785813
344,0.49103785
345,1.3115859
346,0.60405517
347,0.49445885
348,1.1033874
349,0.48040128
350,0.519645
351,1.003478
352,0.5978797
353,1.0867617
354,1.2933202
355,0.7629545
356,0.46128875
357,0.7841499
358,1.2179804
359,1.3095133
360,1.1634089
361,0.46248686
362,1.1321576
363,0.98369294
364,1.2463236
365,1.32284
366,1.1763551
367,0.8971269
368,0.6840703
369,1.0784221
370,1.3809507
371,1.0849164
372,0.36398834
373,0.88926727
374,0.5795201
375,0.37339205
376,1.4073753
377,0.3893668
378,1.0284324
379,0.9488457
380,1.2911525
381,1.3195803
382,1.2320714
383,1.1867924
384,1.162194
385,1.3450892
386,0.48109412
387,1.1211731
388,1.2387977
389,1.2789192
390,1.3058708
391,1.314539
392,1.1901221
393,0.5103549
394,0.97955966
395,0.6417099
396,0.413126
397,1.0982268
398,0.59928787
399,1.1385474
400,0.52057093
401,1.2769516
402,1.2261376
403,1.3567195
404,1.3870091
405,1.2250772
406,0.6188278
407,0.4647883
408,1.2433522
409,1.1938262
410,1.3757792
411,1.3625448
412,0.39080364
413,1.1818724
414,0.9974757
415,0.28664184
416,0.42534658
417,1.235683
418,1.1989267
419,0.935008
420,1.345429
421,1.2862751
422,1.230011
423,1.180898
424,1.1709719
425,0.46077412
426,0.929523
427,1.176976
428,1.1480002
429,0.513632
430,0.8161076
431,0.33236974
432,0.94055074
433,0.94805497
434,0.97212094
435,1.2343736
436,0.7057183
437,1.2097337
438,1.3337591
439,1.1698191
440,1.4045892
441,0.4319845
442,1.1358042
443,1.2233129
444,0.7877204
445,0.45055994
446,1.1839857
447,0.7872729
448,1.1549108
449,0.697843
450,0.4394858
451,0.9012137
452,1.0656116
453,1.155571
454,1.2213776
455,1.0499384
456,0.90491766
457,0.578848
458,0.44235697
459,1.1480834
460,1.1558099
461,0.71792376
462,1.2452238
463,0.31156427
464,1.3314662
465,0.45587298
466,0.85792667
467,0.4559726
468,1.3652654
469,0.52210283
470,1.1656744
471,1.0206921
472,0.6935708
473,0.3418175
474,1.1693387
475,1.035924
476,1.0929934
477,0.35783517
478,1.2413661
479,1.3685479
480,1.2077711
481,0.899705
482,1.3689451
483,1.226898
484,1.2996199
485,1.2024598
486,0.41947186
487,1.2203095
488,0.34441316
489,0.32095572
490,1.2921252
491,1.3713243
492,0.5275518
493,0.8468838
494,0.73587126
495,1.3500705
496,1.0495622
497,1.2974148
498,1.1946986
499,1.2548871
500,1.2422004
501,0.61173946
502,0.5901141
503,0.4466974
504,0.9512214
505,1.130784
506,1.1505642
507,0.71838015
508,0.6760816
509,0.65655506
510,0.8238705
511,1.2949271
512,0.50309765
513,0.3553044
514,1.2094915
515,1.2228911
516,1.1473291
517,1.1449766
518,1.273488
519,0.5337213
520,1.0239813
521,1.2689698
522,1.1070092
523,1.1293062
524,0.86342067
525,1.254118
526,0.5873317
527,0.9443237
528,1.2997258
529,1.1906033
530,1.2568774
531,1.3233674
532,0.54896194
533,1.3017559
534,1.1443481
535,1.2800875
536,0.46825778
537,1.1727815
538,1.2810426
539,1.3614604
540,1.2243874
541,1.1694715
542,1.0939076
543,0.3483884
544,0.82938284
545,1.3837366
546,1.0484238
547,1.2453415
548,0.7282728
549,0.12498893
550,1.2279699
551,1.326937
552,0.44733545
553,0.7533564
554,1.37271
555,1.1645904
556,0.62472415
557,1.3814526
558,1.3754954
559,1.1160938
560,0.39061317
561,0.8671922
562,0.71564984
563,1.1817918
564,0.37145177
565,1.1887329
566,1.279182
567,1.1318758
568,1.3000739
569,1.2708127
570,1.237287
571,1.3712623
572,0.9078212
573,1.1035554
574,1.115391
575,1.2299719
576,1.3814492
577,1.3358898
578,0.520751
579,0.5538299
580,0.4953828
581,1.2638254
582,0.53357536
583,1.1710937
584,1.3700147
585,1.1353064
586,0.5915563
587,0.78502506
588,1.2936406
589,1.36745
590,1.2670114
591,0.76498705
592,0.3939349
593,0.46486896
594,1.2564886
595,1.279901
596,0.67694205
597,1.2754519
598,0.3607918
599,1.1441615
600,1.1792243
601,0.30740708
602,1.1561351
603,1.331007
604,0.8312167
605,1.2907124
606,1.2476556
607,1.3136749
608,0.9163473
609,1.2364964
610,0.39587808
611,0.43367472
612,1.1576967
613,0.5327373
614,0.42884192
615,1.1004202
616,1.2881978
617,0.6461241
618,1.375921
619,0.692461
620,0.40100217
621,1.2193458
622,0.6812622
623,1.0147455
624,0.45221904
625,1.0603404
626,1.1784368
627,1.3496633
628,1.2080097
629,0.99317604
630,0.51158357
631,0.4796774
632,1.225296
633,1.2474897
634,1.1134878
635,0.4836414
636,1.013974
637,1.0957425
638,1.2229702
639,0.8855921
640,1.259234
641,1.2985024
642,1.2162447
643,0.8668592
644,1.1623061
645,0.3068423
646,1.114713
647,0.657325
648,0.59561455
649,0.41065434
650,0.34379715
651,1.3650599
652,0.95734626
653,1.2585676
654,1.3167903
655,1.2742665
656,1.1425457
657,1.2393665
658,0.3388984
659,1.0348532
660,0.35821486
661,0.41737723
662,1.061311
663,1.2870929
664,1.0810478
665,0.7666008
666,1.2484403
667,0.7362246
668,1.2487831
669,1.1737301
670,1.1262943
671,1.1530688
672,0.9998254
673,1.0945616
674,1.2123458
675,1.1927211
676,0.46056262
677,1.1626134
678,0.3544582
679,0.6347399
680,1.287878
681,1.1573861
682,0.34152973
683,0.5541349
684,0.3697878
685,1.3360689
686,0.5685116
687,1.2136436
688,1.2823296
689,0.52490056
690,1.2468848
691,1.1874325
692,1.282098
693,0.64603573
694,1.2727268
695,1.2536974
696,1.3175685
697,0.91345495
698,0.37275273
699,1.3614495
700,1.343116
701,0.6215876
702,1.4168742
703,1.2390814
704,1.1726363
705,0.9642752
706,0.43889934
707,1.0324297
708,0.73096526
709,0.7287596
710,0.80646884
711,0.34276453
712,1.3740919
713,1.1747243
714,0.90662724
715,0.44174802
716,0.36826557
717,1.3776152
718,1.2282062
719,1.2585692
720,1.3059399
721,0.615445
722,0.6625707
723,1.0993481
724,0.8862069
725,1.0738297
726,0.36564362
727,1.1948128
728,1.017436
729,1.2325017
730,1.3298972
731,0.72271705
732,0.35112908
733,0.9939079
734,1.3441327
735,0.51273733
736,0.6138075
737,0.3573086
738,0.461377
739,0.8985905
740,1.3629398
741,0.9272543
742,1.104248
743,0.5482639
744,1.3197491
745,0.680656
746,0.36190715
747,0.9877488
748,0.9005372
749,1.372736
750,1.2693071
751,1.3803909
752,1.0078671
753,1.3602476
754,1.1882873
755,1.1498113
756,1.0006318
757,1.0876496
758,1.3602624
759,1.2892139
760,1.2557051
761,1.2821994
762,1.3548
763,0.62873554
764,1.1543698
765,0.3706579
766,0.8065087
767,1.3523629
768,0.87309027
769,0.9055534
770,0.4474603
771,0.36959454
772,0.6832109
773,1.2510879
774,1.1109166
775,0.32554412
776,1.2006717
777,0.3604213
778,0.8622864
779,1.2765777
780,0.8305043
781,1.3295391
782,0.5866047
783,1.2661378
784,1.3355942
785,0.80355775
786,1.2635353
787,0.54703295
788,0.4149781
789,0.37278283
790,1.0560825
791,1.0954672
792,1.2752919
793,1.224113
794,1.3448067
795,0.66362786
796,1.0161691
797,1.2546287
798,0.4256101
799,0.97825235
800,0.64324534
801,1.2771733
802,1.207917
803,1.2523191
804,0.40658614
805,1.2882202
806,1.2472272
807,0.6271973
808,0.57390577
809,1.3089476
810,0.29375395
811,1.2725294
812,0.9057997
813,1.1815646
814,0.6603884
815,1.1025398
816,1.3506112
817,1.3265593
818,0.81215376
819,0.9804891
820,1.067693
821,1.0823162
822,0.41028273
823,1.3730512
824,0.34085327
825,0.957305
826,1.3558896
827,0.57524985
828,1.234839
829,1.2717593
830,1.318234
831,1.3216877
832,1.3642125
833,0.63102704
834,1.1702194
835,1.1907985
836,0.8393149
837,0.41930678
838,1.2622628
839,1.3216467
840,0.29866344
841,1.1764872
842,0.50221765
843,0.46763313
844,1.3272948
845,1.3526807
846,0.53279614
847,0.9257148
848,1.248486
849,0.37024215
850,0.48680443
851,1.094808
852,1.1526065
853,1.3573966
854,1.1574485
855,0.78034717
856,1.2763147
857,1.1957598
858,0.92056376
859,0.70940125
860,1.0635898
861,0.69840646
862,0.49023113
863,0.6593325
864,1.2531879
865,0.50276023
866,0.39610064
867,1.1560643
868,1.2132349
869,0.73352945
870,1.361908
871,0.6726983
872,1.0985749
873,1.2569761
874,1.3155422
875,0.39031485
876,0.3759434
877,0.4238583
878,0.67508054
879,1.4134924
880,1.236825
881,0.9113131
882,1.0290611
883,1.1956768
884,0.36874855
885,1.2620277
886,1.3158185
887,1.410569
888,0.45962608
889,0.478305
890,0.81018126
891,0.7844867
892,0.6663662
893,1.0057985
894,0.9269647
895,1.2123461
896,0.496938
897,0.44358557
898,0.36253417
899,1.3950157
900,0.68316364
901,0.92456686
902,1.2246721
903,0.59885526
904,0.33210722
905,0.8637826
906,0.6242902
907,1.2081606
908,0.3444696
909,0.53083766
910,0.58235645
911,1.1383394
912,0.356014
913,1.1722467
914,0.78944653
915,1.2463307
916,1.0825038
917,0.8327319
918,0.6762013
919,1.3824492
920,1.2679245
921,0.637756
922,0.4314597
923,0.5299602
924,1.2224383
925,1.3685861
926,0.4284813
927,1.2280567
928,1.3080623
929,0.5923666
930,0.6667709
931,0.71399814
932,1.1731923
933,1.212152
934,1.1432368
935,0.63728887
936,0.4585848
937,1.2374272
938,1.2665286
939,1.0944028
940,1.1927464
941,0.45024213
942,1.0390968
943,1.1040311
944,1.3379726
945,1.0684922
946,0.7670396
947,1.2890975
948,0.9268632
949,1.2279036
950,1.0883121
951,1.0220572
952,1.173415
953,1.3218911
954,1.2695813
955,0.8555946
956,0.35423663
957,0.37406638
958,0.8415187
959,1.048618
960,1.2007108
961,1.2109714
962,0.6818269
963,0.511859
964,1.2511678
965,0.71221626
966,1.2605083
967,0.5677881
968,1.2251811
969,1.2732813
970,1.2061617
971,1.2460971
972,1.33027
973,0.5824044
974,1.3761585
975,0.6578264
976,0.9594644
977,1.2434051
978,1.3499503
979,1.173995
980,1.1101766
981,0.80714464
982,0.93699735
983,1.281214
984,0.8442049
985,0.5226842
986,1.2596269
987,0.7635532
988,1.2408378
989,0.40141392
990,1.1891189
991,1.1139334
992,0.8359964
993,1.3245192
994,1.2870748
995,1.3031707
996,0.8197499
997,1.2481651
998,0.31697488
999,1.2540262
1000,0.44655803
1001,1.228863
1002,1.2710369
1003,1.173007
1004,1.2685962
1005,1.2893267
1006,0.84778225
1007,1.343029
1008,1.2247796
1009,0.5002078
1010,0.94537044
1011,0.6225387
1012,1.297811
1013,0.45588395
1014,1.3755178
1015,1.2396781
1016,1.3752682
1017,0.34399065
1018,1.0202827
1019,1.0936363
1020,1.3567228
1021,1.1196523
1022,1.2173023
1023,1.1857252
1024,1.2749474
1025,0.972266
1026,1.2493873
1027,1.2040167
1028,1.2671103
1029,0.894389
1030,0.9165896
1031,1.369633
1032,1.2847013
1033,1.1841428
1034,1.3048263
1035,1.0966551
1036,1.330142
1037,0.8866954
1038,1.1437484
1039,0.47506082
1040,0.93489254
1041,1.3794022
1042,1.2275445
1043,1.1106069
1044,0.73447615
1045,1.2041607
1046,0.58798075
1047,1.24576
1048,1.1864293
1049,0.42803174
1050,1.1745548
1051,1.2604296
1052,1.2486684
1053,1.3654747
1054,1.0942132
1055,1.2294099
1056,0.51204765
1057,1.2813585
1058,0.5014199
1059,0.7256202
1060,1.2370324
1061,0.41533548
1062,0.5888594
1063,1.2187512
1064,0.9078839
1065,1.1226946
1066,0.9767117
1067,0.42658445
1068,0.48928884
1069,1.3154764
1070,0.64686275
1071,1.2559109
1072,0.812638
1073,0.33336776
1074,1.0887356
1075,0.62866604
1076,0.7529482
1077,1.1808264
1078,1.336777
1079,0.89107406
1080,0.72460985
1081,1.1196892
1082,1.2456656
1083,1.237628
1084,1.188113
1085,0.92516094
1086,0.3631027
1087,0.43259966
1088,0.36161828
1089,0.7280192
1090,1.231616
1091,1.230197
1092,1.1269743
1093,1.1962214
1094,1.2913449
1095,1.2372026
1096,0.53512895
1097,1.1619537
1098,1.2221541
1099,0.46573618
1100,1.1456819
1101,0.38518077
1102,0.87985426
1103,0.5872889
1104,1.1918631
1105,1.1760075
1106,0.6211961
1107,0.66517127
1108,1.0927482
1109,0.9809604
1110,0.67960036
1111,0.4154145
1112,1.2620363
1113,0.48250836
1114,1.1313715
1115,1.3641424
1116,0.5557984
1117,1.3627603
1118,1.296426
1119,1.1987851
1120,0.64501476
1121,0.99032897
1122,1.1651466
1123,1.1509955
1124,1.3185971
1125,0.5328661
1126,0.65763956
1127,1.2195957
1128,1.1252027
1129,1.11834
1130,0.39628637
1131,0.82640314
1132,1.345968
1133,1.1485732
1134,1.2400224
1135,1.2451308
1136,1.2681193
1137,0.49874592
1138,1.1145275
1139,1.0897114
1140,1.159668
1141,1.4088259
1142,1.3412733
1143,0.77760947
1144,1.2564929
1145,1.2269893
1146,1.0747905
1147,1.1878154
1148,0.3888168
1149,1.1485758
1150,0.38383186
1151,1.2575781
1152,1.0850565
1153,0.5269298
1154,1.117768
1155,0.49257582
1156,1.3874874
1157,1.21577
1158,0.6961064
1159,1.3600962
1160,0.64158654
1161,1.3457372
1162,0.68529487
1163,1.1473675
1164,1.1322962
1165,0.51936245
1166,0.5127793
1167,0.36526853
1168,0.53863037
1169,1.2977519
1170,0.30396712
1171,0.4559462
1172,0.44817922
1173,0.9020758
1174,1.2174873
1175,1.2102573
1176,0.92045313
1177,1.2277331
1178,0.41136816
1179,1.035639
1180,0.85862464
1181,1.3289645
1182,1.1644492
1183,1.2762911
1184,0.56146973
1185,1.2083023
1186,0.8629759
1187,1.2924991
1188,1.2219326
1189,0.5355276
1190,0.37904397
1191,0.42999843
1192,1.1613696
1193,1.1913693
1194,1.2508056
1195,1.162149
1196,0.594333
1197,1.1629388
1198,0.38601285
1199,1.3367369
1200,1.2597494
1201,0.36919406
1202,1.3251648
1203,0.8983625
1204,1.0993412
1205,0.32110888
1206,1.2653956
1207,1.2810857
1208,0.40238506
1209,1.1799512
1210,0.7141007
1211,1.3221636
1212,1.046349
1213,1.0592184
1214,0.6845497
1215,0.38991868
1216,0.46168566
1217,1.168546
1218,1.3376687
1219,0.38765675
1220,1.2808423
1221,0.39201063
1222,0.542876
1223,0.8904064
1224,1.354821
1225,1.2559545
1226,0.66937315
1227,0.9072301
1228,0.5254819
1229,1.2899883
1230,0.5716341
1231,1.2423885
1232,0.99011225
1233,1.0667655
1234,1.1336131
1235,1.362071
1236,1.2233424
1237,0.5754889
1238,1.1958375
1239,1.3081613
1240,0.49116683
1241,1.369206
1242,0.9459067
1243,0.6335826
1244,1.2147443
1245,0.8305059
1246,0.43945724
1247,0.99658513
1248,0.75373447
1249,1.2872295
1250,0.98927957
1251,1.0732431
1252,1.1309443
1253,1.365655
1254,0.43308598
1255,0.5075201
1256,1.2715931
1257,1.1905155
1258,1.0191362
1259,1.1763093
1260,1.2679842
1261,1.2979352
1262,1.3789208
1263,1.3370116
1264,1.2912166
1265,1.3199463
1266,0.4555783
1267,0.3689834
1268,0.58718544
1269,0.3505416
1270,1.2908347
1271,1.1992764
1272,0.3464709
1273,0.5255892
1274,0.5535233
1275,1.2454934
1276,0.9574015
1277,1.3076081
1278,1.3355675
1279,1.0511508
1280,1.3197479
1281,1.021898
1282,0.99364114
1283,1.1020887
1284,0.6738702
1285,1.1519203
1286,1.2461884
1287,0.33886853
1288,1.2151501
1289,1.2107921
1290,1.3464432
1291,1.3634121
1292,0.79669017
1293,1.284075
1294,1.3252592
1295,0.37644935
1296,1.054487
1297,1.3113265
1298,1.238493
1299,1.3060234
1300,1.1349285
1301,1.1481664
1302,1.1319163
1303,1.1891646
1304,1.2180803
1305,1.0761864
1306,0.8864018
1307,1.3613174
1308,1.2098818
1309,0.9291685
1310,0.40342999
1311,1.1992977
1312,0.34561068
1313,0.5246469
1314,1.1837204
1315,1.0987692
1316,0.20323527
1317,0.9133938
1318,1.3781688
1319,1.2381804
1320,1.1689503
1321,0.38560283
1322,1.2693532
1323,0.87125754
1324,1.1928442
1325,1.206039
1326,0.66344
1327,0.38529208
1328,0.6078513
1329,0.9942664
1330,0.6250741
1331,1.3572834
1332,1.1083424
1333,1.3284669
1334,1.0047541
1335,1.2585423
1336,0.35834616
1337,0.49249625
1338,0.821733
1339,0.7187698
1340,0.44235972
1341,0.5887816
1342,0.51097435
1343,0.8104386
1344,0.39299244
1345,0.97176224
1346,0.34079817
1347,1.2367561
1348,1.0101068
1349,1.1345816
1350,1.1829152
1351,1.1802197
1352,0.70133775
1353,0.8357894
1354,0.516904
1355,0.5991173
1356,1.3271852
1357,1.0506394
1358,1.2472184
1359,1.2300799
1360,1.1877279
1361,0.6410514
1362,0.5001724
1363,1.3451519
1364,1.227855
1365,1.2661319
1366,1.1536852
1367,1.2467117
1368,0.4903476
1369,1.1010659
1370,0.57615304
1371,0.6044946
1372,1.203285
1373,0.7149521
1374,0.94967955
1375,0.4364112
1376,0.4012055
1377,1.3566034
1378,0.5282354
1379,0.603351
1380,1.0098698
1381,1.1861589
1382,1.2398188
1383,1.4076309
1384,1.2379305
1385,0.49922693
1386,0.4002899
1387,1.3309078
1388,0.7921311
1389,1.4138505
1390,0.58724296
1391,1.2015402
1392,0.6622505
1393,0.54047704
1394,0.77925783
1395,0.75019836
1396,1.2437813
1397,1.3699212
1398,0.38799176
1399,0.4111244
1400,0.424518
1401,1.3451426
1402,0.74313104
1403,0.84050137
1404,1.2639267
1405,1.348027
1406,0.36613286
1407,1.2309136
1408,1.245507
1409,1.2805519
1410,0.34516287
1411,0.4349231
1412,1.2190173
1413,0.7200534
1414,0.7611266
1415,1.1672544
1416,1.007678
1417,1.0113957
1418,1.3576512
1419,1.2334721
1420,1.0060401
1421,1.1296101
1422,1.2515397
1423,0.81890523
1424,0.74747545
1425,1.2522151
1426,0.36461025
1427,0.94865924
1428,0.5849158
1429,1.2271254
1430,0.51148516
1431,1.0045319
1432,0.53820145
1433,0.36980268
1434,1.1894
1435,0.4944678
1436,1.1080039
1437,0.3527105
1438,0.73720604
1439,1.2566836
1440,1.3692613
1441,1.3350172
1442,1.315629
1443,1.2922499
1444,1.0981553
1445,0.9637306
1446,0.4198938
1447,1.1731668
1448,1.3723207
1449,1.2561526
1450,1.2377484
1451,0.37137678
1452,1.1738117
1453,1.1000459
1454,1.3271387
1455,0.67009705
1456,0.36914015
1457,0.82832074
1458,0.40082514
1459,0.3990969
1460,1.225908
1461,1.2525022
1462,0.4624653
1463,0.99416435
1464,1.3261702
1465,1.1110239
1466,1.3662233
1467,0.88916767
1468,0.9359384
1469,0.7789845
1470,0.7498482
1471,0.7195519
1472,0.78684515
1473,0.5101384
1474,0.60073185
1475,0.5562149
1476,0.40094858
1477,1.1071289
1478,0.3925442
1479,0.82449824
1480,1.0931413
1481,0.85704523
1482,1.2335563
1483,1.1792057
1484,0.5714032
1485,0.96323305
1486,1.3793578
1487,0.47098663
1488,0.63301694
1489,1.1048332
1490,1.218873
1491,0.9981181
1492,1.3262393
1493,1.2580147
1494,1.1294372
1495,1.1334761
1496,0.5156385
1497,1.1030378
1498,1.301671
1499,0.44768924
1500,1.3082895
1501,0.5194243
1502,1.1934407
1503,0.90060526
1504,1.2813151
1505,0.84876555
1506,1.0769455
1507,1.274224
1508,1.3591394
1509,1.2959197
1510,1.2104604
1511,0.39020973
1512,0.5723166
1513,0.6174107
1514,1.2356784
1515,1.0059772
1516,0.5125636
1517,1.126518
1518,0.3844753
1519,1.2571177
1520,1.2715023
1521,0.6742979
1522,1.1429939
1523,1.0988997
1524,1.2766502
1525,0.77491325
1526,0.53369457
1527,1.0004153
1528,0.54875624
1529,1.262929
1530,1.1256301
1531,0.44848228
1532,1.0468986
1533,1.1013458
1534,1.0714318
1535,1.3330641
1536,1.133733
1537,0.6233194
1538,1.2767689
1539,0.88331705
1540,1.3036177
1541,1.0273675
1542,1.1784203
1543,1.2164114
1544,0.43697095
1545,1.2828326
1546,1.0450673
1547,1.0410829
1548,0.6784832
1549,0.44292334
1550,1.20071
1551,0.5586056
1552,0.3806892
1553,1.1910203
1554,0.66420555
1555,1.2152207
1556,1.1109653
1557,1.1166852
1558,0.39122462
1559,1.3739803
1560,0.3882743
1561,1.2574406
1562,1.3389616
1563,0.4573233
1564,1.3774958
1565,0.33737972
1566,1.008601
1567,1.2859647
1568,1.272821
1569,0.36972147
1570,0.6108909
1571,1.1849811
1572,0.6528549
1573,0.58136296
1574,1.1041825
1575,0.4408631
1576,0.8049213
1577,0.45279646
1578,0.84413713
1579,1.2787454
1580,1.2840476
1581,1.2916048
1582,1.2518477
1583,0.5992613
1584,1.1977623
1585,0.72964996
1586,0.47295886
1587,1.0562336
1588,1.0893795
1589,1.3530481
1590,1.184279
1591,0.40807462
1592,1.0671797
1593,1.3222291
1594,1.194247
1595,1.2881505
1596,1.3127449
1597,0.9204284
1598,0.8640507
1599,1.2164731
1600,0.4117365
1601,0.37751472
1602,1.2931592
1603,0.40708655
1604,1.3708432
1605,0.44562095
1606,1.3156469
1607,0.9390306
1608,1.3587778
1609,1.2361801
1610,0.58712906
1611,1.0505993
1612,1.3292525
1613,1.253464
1614,1.41751
1615,1.3500757
1616,1.3277755
1617,0.78104097
1618,1.2467382
1619,1.2213249
1620,1.2992871
1621,1.0732603
1622,1.2876008
1623,1.2286191
1624,0.431257
1625,0.47839785
1626,0.82054013
1627,0.76539665
1628,1.2042844
1629,1.1646602
1630,1.241843
1631,1.1754503
1632,1.2859662
1633,0.4287418
1634,1.3271987
1635,1.2196116
1636,1.073106
1637,1.4022527
1638,1.1346792
1639,0.55352336
1640,0.52990997
1641,0.6417288
1642,0.6649621
1643,0.36128342
1644,1.3695986
1645,1.1074228
1646,1.2902167
1647,1.2333105
1648,0.5026587
1649,1.38866
1650,1.2115898
1651,1.2452908
1652,0.6013576
1653,1.0669216
1654,1.2186804
1655,1.1734309
1656,1.195015
1657,1.1917498
1658,0.42088073
1659,0.9800627
1660,0.46265447
1661,0.461874
1662,1.3316402
1663,0.6175742
1664,0.49345988
1665,1.3620992
1666,0.574939
1667,1.2639656
1668,0.366743
1669,0.36215478
1670,1.2756674
1671,0.64630234
1672,0.6773268
1673,0.51167524
1674,1.3429513
1675,1.2748516
1676,0.70873535
1677,1.2922559
1678,1.2098274
1679,1.1344688
1680,1.1273618
1681,1.1733532
1682,1.3648622
1683,0.37906748
1684,1.1289095
1685,1.0025668
1686,1.3685591
1687,1.150063
1688,1.3815217
1689,1.3237226
1690,1.26087
1691,0.7817769
1692,1.1270621
1693,0.4108876
1694,1.2605612
1695,1.096329
1696,1.2019815
1697,1.0246155
1698,0.21895832
1699,1.0515262
1700,1.2407439
1701,1.015839
1702,1.2779863
1703,0.73533696
1704,0.33816347
1705,0.39052474
1706,1.2521935
1707,1.3201776
1708,1.173425
1709,0.70736176
1710,0.38616565
1711,0.5430819
1712,0.9259253
1713,0.52615815
1714,1.241993
1715,0.31249374
1716,0.68399936
1717,1.2042453
1718,0.69487023
1719,0.5690273
1720,1.3770828
1721,1.1620226
1722,0.9441257
1723,1.3929672
1724,0.95024484
1725,0.9052696
1726,0.860381
1727,1.1930354
1728,0.8480785
1729,1.2962277
1730,1.1807997
1731,1.3693383
1732,0.49818307
1733,0.90561527
1734,0.54176545
1735,1.1957045
1736,0.53761476
1737,1.0764818
1738,0.66103864
1739,1.2483993
1740,0.7875776
1741,1.1157982
1742,0.69600886
1743,0.956261
1744,1.2314146
1745,0.36300337
1746,0.95774263
1747,0.38566726
1748,1.240705
1749,0.4371987
1750,1.029639
1751,1.3310673
1752,0.52470195
1753,1.2695663
1754,1.3131204
1755,1.3314345
1756,0.81761354
1757,1.2302399
1758,0.8689998
1759,0.40611148
1760,1.1365644
1761,0.74555886
1762,0.7762975
1763,1.3318005
1764,0.3965252
1765,1.1265278
1766,1.1406765
1767,1.1012266
1768,1.1226766
1769,1.2868345
1770,1.2456009
1771,1.3728664
1772,1.1060066
1773,0.36875367
1774,0.62616557
1775,0.49658954
1776,0.9494907
1777,0.93993413
1778,1.1065974
1779,1.2744801
1780,0.6512718
1781,1.1545947
1782,0.6302702
1783,0.64815354
1784,1.1088293
1785,0.78896
1786,0.41866758
1787,1.0096476
1788,0.43299603
1789,0.62596726
1790,1.171715
1791,1.1478846
1792,0.7420102
1793,1.1355991
1794,1.0290759
1795,0.38733226
1796,1.2885756
1797,1.2085221
1798,1.2483721
1799,1.0018163
1800,1.2561493
1801,1.1055449
1802,1.1282327
1803,0.90171635
1804,1.1793609
1805,0.6021023
1806,0.96132964
1807,0.52515185
1808,1.2783732
1809,0.86173874
1810,0.7236
1811,1.1113421
1812,0.94421
1813,1.1424322
1814,1.3820157
1815,1.1174965
1816,1.2384973
1817,0.38774264
1818,1.2981925
1819,0.87037605
1820,0.19329494
1821,0.9640252
1822,1.0988634
1823,1.3432343
1824,0.34516087
1825,1.1534324
1826,1.096762
1827,1.2246802
1828,1.3346651
1829,0.45766973
1830,0.89558285
1831,1.2237201
1832,0.58468974
1833,1.2158039
1834,1.1984322
1835,1.2637243
1836,0.74298203
1837,1.1554959
1838,0.64266545
1839,1.3456514
1840,1.2684867
1841,0.85700065
1842,1.1610277
1843,0.41230017
1844,1.1038959
1845,1.175379
1846,1.2920773
1847,1.2360656
1848,1.2127967
1849,1.0932
1850,1.3415937
1851,1.24635
1852,0.76300484
1853,0.48920017
1854,0.90635175
1855,1.1740918
1856,0.91398686
1857,0.34445268
1858,1.13328
1859,0.40485936
1860,1.1139648
1861,1.1603336
1862,0.38339514
1863,1.2607481
1864,0.9762401
1865,0.45944917
1866,1.3428359
1867,1.1528761
1868,1.1536335
1869,0.52923113
1870,1.2498274
1871,1.0132854
1872,0.87106484
1873,1.2822196
1874,1.2453482
1875,0.43142152
1876,1.3656862
1877,1.1553011
1878,1.3711667
1879,0.4672315
1880,1.3689475
1881,0.72340506
1882,1.1694214
1883,1.3345609
1884,1.1071005
1885,0.4366626
1886,1.3640697
1887,0.6541935
1888,0.49677086
1889,1.0082194
1890,1.3621192
1891,1.336767
1892,1.055873
1893,1.0927778
1894,0.89744186
1895,1.2536869
1896,1.3156924
1897,1.1337748
1898,1.2068694
1899,0.35691223
1900,0.55037284
1901,1.3316262
1902,1.2322922
1903,1.2365494
1904,1.2835343
1905,0.3313383
1906,0.4622105
1907,0.6037775
1908,1.2899604
1909,1.0095333
1910,1.3720374
1911,1.1076721
1912,1.3890166
1913,1.3739228
1914,0.6445754
1915,0.45160627
1916,1.3662837
1917,0.80097514
1918,0.55263984
1919,1.1286857
1920,0.5146153
1921,1.2319856
1922,1.1043911
1923,1.238462
1924,1.2144747
1925,1.2284307
1926,1.367739
1927,0.49248558
1928,0.40978503
1929,0.41309714
1930,0.93012923
1931,0.8596987
1932,1.3038969
1933,0.32298747
1934,0.7860578
1935,0.9562611
1936,0.9278536
1937,1.2235198
1938,1.1795671
1939,1.2329626
1940,0.6667522
1941,1.2463768
1942,1.3498776
1943,0.6681917
1944,1.3354104
1945,0.7171691
1946,1.2654314
1947,1.2061639
1948,0.5655411
1949,1.0837655
1950,0.8025414
1951,1.1879504
1952,0.83690757
1953,1.3479934
1954,1.333111
1955,1.3537159
1956,1.252662
1957,0.40731686
1958,0.6724724
1959,1.3023343
1960,0.39990318
1961,0.38251486
1962,0.87476665
1963,0.6220758
1964,1.4051735
1965,1.2132063
1966,1.1530845
1967,1.3884556
1968,0.9107735
1969,0.97401047
1970,1.2198484
1971,0.63673335
1972,1.2726545
1973,0.903042
1974,0.32785326
1975,1.0977298
1976,1.0133798
1977,0.38000837
1978,1.2946389
1979,1.1622746
1980,1.0221381
1981,0.9994382
1982,1.2138608
1983,1.3222041
1984,1.1603844
1985,0.8517743
1986,0.845648
1987,0.3510306
1988,1.2017334
1989,1.3597028
1990,1.3672793
1991,1.0226926
1992,1.0943091
1993,0.86688405
1994,0.46519074
1995,1.3537714
1996,1.2472091
1997,0.43879408
1998,1.3676233
1999,0.56472397
2000,1.1772676
